ISO-10303-21;
HEADER;
/* Generated by software containing ST-Developer
 * from STEP Tools, Inc. (www.steptools.com) 
 */
/* OPTION: using custom renumber hook */

FILE_DESCRIPTION(
/* description */ ('STEP AP203'),
/* implementation_level */ '2;1');

FILE_NAME(
/* name */ '2059-302_998-403',
/* time_stamp */ '2026-04-03T16:31:01+02:00',
/* author */ ('License CC BY-ND 4.0'),
/* organization */ ('CADENAS'),
/* preprocessor_version */ 'ST-DEVELOPER v20',
/* originating_system */ 'PARTsolutions',
/* authorisation */ '  ');

FILE_SCHEMA (('CONFIG_CONTROL_DESIGN'));
ENDSEC;

DATA;
#10=PROPERTY_DEFINITION_REPRESENTATION(#14,#12);
#11=PROPERTY_DEFINITION_REPRESENTATION(#15,#13);
#12=REPRESENTATION('',(#16),#3306);
#13=REPRESENTATION('',(#17),#3306);
#14=PROPERTY_DEFINITION('pmi validation property','',#3311);
#15=PROPERTY_DEFINITION('pmi validation property','',#3311);
#16=VALUE_REPRESENTATION_ITEM('number of annotations',COUNT_MEASURE(0.));
#17=VALUE_REPRESENTATION_ITEM('number of views',COUNT_MEASURE(0.));
#18=SHAPE_REPRESENTATION_RELATIONSHIP('','',#1939,#19);
#19=ADVANCED_BREP_SHAPE_REPRESENTATION('',(#1937),#3306);
#20=DEGENERATE_TOROIDAL_SURFACE('',#2105,0.0499999999999987,0.2,.T.);
#21=DEGENERATE_TOROIDAL_SURFACE('',#2134,0.0499999999999997,0.2,.T.);
#22=SPHERICAL_SURFACE('',#2101,0.2);
#23=SPHERICAL_SURFACE('',#2138,0.2);
#24=TOROIDAL_SURFACE('',#2019,0.7,0.15);
#25=TOROIDAL_SURFACE('',#2024,0.7,0.15);
#26=TOROIDAL_SURFACE('',#2103,2.00000000000003,0.2);
#27=TOROIDAL_SURFACE('',#2109,0.300000000000004,0.2);
#28=TOROIDAL_SURFACE('',#2113,0.3,0.2);
#29=TOROIDAL_SURFACE('',#2117,0.799999999999997,0.2);
#30=TOROIDAL_SURFACE('',#2122,0.799999999999997,0.2);
#31=TOROIDAL_SURFACE('',#2126,0.3,0.2);
#32=TOROIDAL_SURFACE('',#2130,0.300000000000004,0.2);
#33=TOROIDAL_SURFACE('',#2136,2.00000000000001,0.2);
#34=ELLIPSE('',#1983,0.923760430703401,0.8);
#35=ELLIPSE('',#1984,0.923760430703401,0.8);
#36=PLANE('',#1944);
#37=PLANE('',#1946);
#38=PLANE('',#1947);
#39=PLANE('',#1949);
#40=PLANE('',#1950);
#41=PLANE('',#1955);
#42=PLANE('',#1964);
#43=PLANE('',#1968);
#44=PLANE('',#1972);
#45=PLANE('',#1973);
#46=PLANE('',#1974);
#47=PLANE('',#1975);
#48=PLANE('',#1979);
#49=PLANE('',#1982);
#50=PLANE('',#1988);
#51=PLANE('',#1991);
#52=PLANE('',#1995);
#53=PLANE('',#1997);
#54=PLANE('',#2008);
#55=PLANE('',#2015);
#56=PLANE('',#2018);
#57=PLANE('',#2023);
#58=PLANE('',#2028);
#59=PLANE('',#2032);
#60=PLANE('',#2036);
#61=PLANE('',#2040);
#62=PLANE('',#2041);
#63=PLANE('',#2042);
#64=PLANE('',#2043);
#65=PLANE('',#2047);
#66=PLANE('',#2048);
#67=PLANE('',#2049);
#68=PLANE('',#2050);
#69=PLANE('',#2051);
#70=PLANE('',#2055);
#71=PLANE('',#2057);
#72=PLANE('',#2059);
#73=PLANE('',#2060);
#74=PLANE('',#2061);
#75=PLANE('',#2062);
#76=PLANE('',#2067);
#77=PLANE('',#2071);
#78=PLANE('',#2075);
#79=PLANE('',#2076);
#80=PLANE('',#2077);
#81=PLANE('',#2078);
#82=PLANE('',#2082);
#83=PLANE('',#2083);
#84=PLANE('',#2084);
#85=PLANE('',#2085);
#86=PLANE('',#2086);
#87=PLANE('',#2090);
#88=PLANE('',#2092);
#89=PLANE('',#2094);
#90=PLANE('',#2095);
#91=PLANE('',#2096);
#92=PLANE('',#2097);
#93=B_SPLINE_CURVE_WITH_KNOTS('',3,(#2730,#2731,#2732,#2733),
 .UNSPECIFIED.,.F.,.F.,(4,4),(0.,0.000281421233484394),.UNSPECIFIED.);
#94=B_SPLINE_CURVE_WITH_KNOTS('',3,(#2738,#2739,#2740,#2741),
 .UNSPECIFIED.,.F.,.F.,(4,4),(2.48791327040325E-19,0.000281061942188694),
 .UNSPECIFIED.);
#95=B_SPLINE_CURVE_WITH_KNOTS('',3,(#2745,#2746,#2747,#2748),
 .UNSPECIFIED.,.F.,.F.,(4,4),(1.57556822403981E-18,0.000281421233484394),
 .UNSPECIFIED.);
#96=B_SPLINE_CURVE_WITH_KNOTS('',3,(#2851,#2852,#2853,#2854,#2855,#2856),
 .UNSPECIFIED.,.F.,.F.,(4,1,1,4),(0.,0.000321221720834558,0.000481832581251837,
0.000642443441669116),.UNSPECIFIED.);
#97=B_SPLINE_CURVE_WITH_KNOTS('',3,(#2862,#2863,#2864,#2865,#2866,#2867),
 .UNSPECIFIED.,.F.,.F.,(4,1,1,4),(5.42101086242752E-20,0.000163435465768079,
0.000326870931536158,0.000653741863072316),.UNSPECIFIED.);
#98=B_SPLINE_CURVE_WITH_KNOTS('',3,(#2954,#2955,#2956,#2957),
 .UNSPECIFIED.,.F.,.F.,(4,4),(4.712305483625E-19,0.000281061942188696),
 .UNSPECIFIED.);
#99=CIRCLE('',#1942,0.500000000000004);
#100=CIRCLE('',#1945,0.2);
#101=CIRCLE('',#1948,0.2);
#102=CIRCLE('',#1952,0.2);
#103=CIRCLE('',#1954,0.2);
#104=CIRCLE('',#1956,0.0499999999999987);
#105=CIRCLE('',#1957,2.00000000000003);
#106=CIRCLE('',#1958,2.19999999999999);
#107=CIRCLE('',#1959,2.2);
#108=CIRCLE('',#1960,2.00000000000001);
#109=CIRCLE('',#1961,0.0499999999999997);
#110=CIRCLE('',#1962,0.8);
#111=CIRCLE('',#1963,0.8);
#112=CIRCLE('',#1965,0.799999999999997);
#113=CIRCLE('',#1966,0.300000000000004);
#114=CIRCLE('',#1967,0.3);
#115=CIRCLE('',#1969,0.300000000000004);
#116=CIRCLE('',#1970,0.799999999999997);
#117=CIRCLE('',#1971,0.3);
#118=CIRCLE('',#1977,0.999999999999997);
#119=CIRCLE('',#1978,0.999999999999997);
#120=CIRCLE('',#1981,0.500000000000004);
#121=CIRCLE('',#1986,0.5);
#122=CIRCLE('',#1987,0.5);
#123=CIRCLE('',#1989,0.7);
#124=CIRCLE('',#1990,0.7);
#125=CIRCLE('',#1992,2.2);
#126=CIRCLE('',#1993,2.19999999999999);
#127=CIRCLE('',#1998,0.2);
#128=CIRCLE('',#1999,2.20000000000003);
#129=CIRCLE('',#2000,0.249999999999999);
#130=CIRCLE('',#2002,0.249999999999999);
#131=CIRCLE('',#2004,2.20000000000003);
#132=CIRCLE('',#2006,2.20000000000001);
#133=CIRCLE('',#2007,2.20000000000001);
#134=CIRCLE('',#2009,0.25);
#135=CIRCLE('',#2010,0.2);
#136=CIRCLE('',#2012,0.25);
#137=CIRCLE('',#2014,0.8);
#138=CIRCLE('',#2017,0.8);
#139=CIRCLE('',#2020,0.55);
#140=CIRCLE('',#2022,0.55);
#141=CIRCLE('',#2025,0.55);
#142=CIRCLE('',#2027,0.55);
#143=CIRCLE('',#2030,1.24999999999998);
#144=CIRCLE('',#2031,1.24999999999998);
#145=CIRCLE('',#2034,0.250000000000004);
#146=CIRCLE('',#2035,0.250000000000004);
#147=CIRCLE('',#2038,0.5);
#148=CIRCLE('',#2039,0.5);
#149=CIRCLE('',#2045,0.250000000000001);
#150=CIRCLE('',#2046,0.250000000000001);
#151=CIRCLE('',#2053,0.250000000000004);
#152=CIRCLE('',#2054,0.250000000000004);
#153=CIRCLE('',#2056,0.500000000000001);
#154=CIRCLE('',#2058,0.500000000000001);
#155=CIRCLE('',#2065,1.24999999999998);
#156=CIRCLE('',#2066,1.24999999999998);
#157=CIRCLE('',#2069,0.250000000000004);
#158=CIRCLE('',#2070,0.250000000000004);
#159=CIRCLE('',#2073,0.5);
#160=CIRCLE('',#2074,0.5);
#161=CIRCLE('',#2080,0.250000000000001);
#162=CIRCLE('',#2081,0.250000000000001);
#163=CIRCLE('',#2088,0.250000000000004);
#164=CIRCLE('',#2089,0.250000000000004);
#165=CIRCLE('',#2091,0.500000000000001);
#166=CIRCLE('',#2093,0.500000000000001);
#167=CIRCLE('',#2100,0.2);
#168=CIRCLE('',#2102,0.2);
#169=CIRCLE('',#2104,0.2);
#170=CIRCLE('',#2106,0.2);
#171=CIRCLE('',#2108,0.2);
#172=CIRCLE('',#2110,0.2);
#173=CIRCLE('',#2112,0.2);
#174=CIRCLE('',#2114,0.2);
#175=CIRCLE('',#2116,0.2);
#176=CIRCLE('',#2118,0.2);
#177=CIRCLE('',#2121,0.2);
#178=CIRCLE('',#2123,0.2);
#179=CIRCLE('',#2125,0.2);
#180=CIRCLE('',#2127,0.2);
#181=CIRCLE('',#2129,0.2);
#182=CIRCLE('',#2131,0.2);
#183=CIRCLE('',#2133,0.2);
#184=CIRCLE('',#2135,0.2);
#185=CIRCLE('',#2137,0.2);
#186=CIRCLE('',#2139,0.2);
#187=ORIENTED_EDGE('',*,*,#735,.F.);
#188=ORIENTED_EDGE('',*,*,#736,.T.);
#189=ORIENTED_EDGE('',*,*,#737,.T.);
#190=ORIENTED_EDGE('',*,*,#738,.T.);
#191=ORIENTED_EDGE('',*,*,#739,.F.);
#192=ORIENTED_EDGE('',*,*,#740,.T.);
#193=ORIENTED_EDGE('',*,*,#741,.T.);
#194=ORIENTED_EDGE('',*,*,#742,.T.);
#195=ORIENTED_EDGE('',*,*,#743,.F.);
#196=ORIENTED_EDGE('',*,*,#744,.T.);
#197=ORIENTED_EDGE('',*,*,#745,.T.);
#198=ORIENTED_EDGE('',*,*,#746,.T.);
#199=ORIENTED_EDGE('',*,*,#747,.F.);
#200=ORIENTED_EDGE('',*,*,#748,.F.);
#201=ORIENTED_EDGE('',*,*,#749,.F.);
#202=ORIENTED_EDGE('',*,*,#750,.T.);
#203=ORIENTED_EDGE('',*,*,#751,.T.);
#204=ORIENTED_EDGE('',*,*,#752,.T.);
#205=ORIENTED_EDGE('',*,*,#753,.T.);
#206=ORIENTED_EDGE('',*,*,#754,.T.);
#207=ORIENTED_EDGE('',*,*,#755,.F.);
#208=ORIENTED_EDGE('',*,*,#756,.F.);
#209=ORIENTED_EDGE('',*,*,#757,.T.);
#210=ORIENTED_EDGE('',*,*,#758,.T.);
#211=ORIENTED_EDGE('',*,*,#759,.F.);
#212=ORIENTED_EDGE('',*,*,#760,.F.);
#213=ORIENTED_EDGE('',*,*,#761,.F.);
#214=ORIENTED_EDGE('',*,*,#762,.T.);
#215=ORIENTED_EDGE('',*,*,#763,.F.);
#216=ORIENTED_EDGE('',*,*,#764,.F.);
#217=ORIENTED_EDGE('',*,*,#765,.F.);
#218=ORIENTED_EDGE('',*,*,#766,.T.);
#219=ORIENTED_EDGE('',*,*,#767,.F.);
#220=ORIENTED_EDGE('',*,*,#768,.F.);
#221=ORIENTED_EDGE('',*,*,#769,.F.);
#222=ORIENTED_EDGE('',*,*,#770,.T.);
#223=ORIENTED_EDGE('',*,*,#771,.F.);
#224=ORIENTED_EDGE('',*,*,#772,.T.);
#225=ORIENTED_EDGE('',*,*,#773,.T.);
#226=ORIENTED_EDGE('',*,*,#774,.T.);
#227=ORIENTED_EDGE('',*,*,#775,.F.);
#228=ORIENTED_EDGE('',*,*,#776,.F.);
#229=ORIENTED_EDGE('',*,*,#777,.F.);
#230=ORIENTED_EDGE('',*,*,#778,.T.);
#231=ORIENTED_EDGE('',*,*,#779,.F.);
#232=ORIENTED_EDGE('',*,*,#780,.F.);
#233=ORIENTED_EDGE('',*,*,#781,.F.);
#234=ORIENTED_EDGE('',*,*,#782,.T.);
#235=ORIENTED_EDGE('',*,*,#783,.F.);
#236=ORIENTED_EDGE('',*,*,#784,.F.);
#237=ORIENTED_EDGE('',*,*,#785,.F.);
#238=ORIENTED_EDGE('',*,*,#786,.F.);
#239=ORIENTED_EDGE('',*,*,#787,.F.);
#240=ORIENTED_EDGE('',*,*,#788,.T.);
#241=ORIENTED_EDGE('',*,*,#789,.F.);
#242=ORIENTED_EDGE('',*,*,#790,.T.);
#243=ORIENTED_EDGE('',*,*,#765,.T.);
#244=ORIENTED_EDGE('',*,*,#791,.F.);
#245=ORIENTED_EDGE('',*,*,#783,.T.);
#246=ORIENTED_EDGE('',*,*,#792,.T.);
#247=ORIENTED_EDGE('',*,*,#793,.F.);
#248=ORIENTED_EDGE('',*,*,#794,.F.);
#249=ORIENTED_EDGE('',*,*,#737,.F.);
#250=ORIENTED_EDGE('',*,*,#795,.T.);
#251=ORIENTED_EDGE('',*,*,#796,.T.);
#252=ORIENTED_EDGE('',*,*,#797,.T.);
#253=ORIENTED_EDGE('',*,*,#789,.T.);
#254=ORIENTED_EDGE('',*,*,#798,.T.);
#255=ORIENTED_EDGE('',*,*,#799,.F.);
#256=ORIENTED_EDGE('',*,*,#800,.T.);
#257=ORIENTED_EDGE('',*,*,#793,.T.);
#258=ORIENTED_EDGE('',*,*,#801,.T.);
#259=ORIENTED_EDGE('',*,*,#802,.T.);
#260=ORIENTED_EDGE('',*,*,#803,.T.);
#261=ORIENTED_EDGE('',*,*,#804,.F.);
#262=ORIENTED_EDGE('',*,*,#805,.F.);
#263=ORIENTED_EDGE('',*,*,#741,.F.);
#264=ORIENTED_EDGE('',*,*,#806,.F.);
#265=ORIENTED_EDGE('',*,*,#807,.T.);
#266=ORIENTED_EDGE('',*,*,#808,.T.);
#267=ORIENTED_EDGE('',*,*,#743,.T.);
#268=ORIENTED_EDGE('',*,*,#809,.F.);
#269=ORIENTED_EDGE('',*,*,#810,.T.);
#270=ORIENTED_EDGE('',*,*,#811,.T.);
#271=ORIENTED_EDGE('',*,*,#812,.T.);
#272=ORIENTED_EDGE('',*,*,#813,.T.);
#273=ORIENTED_EDGE('',*,*,#814,.T.);
#274=ORIENTED_EDGE('',*,*,#815,.T.);
#275=ORIENTED_EDGE('',*,*,#816,.T.);
#276=ORIENTED_EDGE('',*,*,#817,.T.);
#277=ORIENTED_EDGE('',*,*,#818,.F.);
#278=ORIENTED_EDGE('',*,*,#819,.F.);
#279=ORIENTED_EDGE('',*,*,#754,.F.);
#280=ORIENTED_EDGE('',*,*,#820,.T.);
#281=ORIENTED_EDGE('',*,*,#821,.T.);
#282=ORIENTED_EDGE('',*,*,#822,.T.);
#283=ORIENTED_EDGE('',*,*,#823,.T.);
#284=ORIENTED_EDGE('',*,*,#824,.T.);
#285=ORIENTED_EDGE('',*,*,#825,.F.);
#286=ORIENTED_EDGE('',*,*,#751,.F.);
#287=ORIENTED_EDGE('',*,*,#826,.F.);
#288=ORIENTED_EDGE('',*,*,#786,.T.);
#289=ORIENTED_EDGE('',*,*,#827,.F.);
#290=ORIENTED_EDGE('',*,*,#788,.F.);
#291=ORIENTED_EDGE('',*,*,#828,.F.);
#292=ORIENTED_EDGE('',*,*,#756,.T.);
#293=ORIENTED_EDGE('',*,*,#829,.F.);
#294=ORIENTED_EDGE('',*,*,#746,.F.);
#295=ORIENTED_EDGE('',*,*,#830,.F.);
#296=ORIENTED_EDGE('',*,*,#768,.T.);
#297=ORIENTED_EDGE('',*,*,#831,.F.);
#298=ORIENTED_EDGE('',*,*,#770,.F.);
#299=ORIENTED_EDGE('',*,*,#832,.F.);
#300=ORIENTED_EDGE('',*,*,#749,.T.);
#301=ORIENTED_EDGE('',*,*,#833,.F.);
#302=ORIENTED_EDGE('',*,*,#834,.T.);
#303=ORIENTED_EDGE('',*,*,#835,.T.);
#304=ORIENTED_EDGE('',*,*,#836,.T.);
#305=ORIENTED_EDGE('',*,*,#745,.F.);
#306=ORIENTED_EDGE('',*,*,#837,.T.);
#307=ORIENTED_EDGE('',*,*,#833,.T.);
#308=ORIENTED_EDGE('',*,*,#838,.T.);
#309=ORIENTED_EDGE('',*,*,#752,.F.);
#310=ORIENTED_EDGE('',*,*,#828,.T.);
#311=ORIENTED_EDGE('',*,*,#787,.T.);
#312=ORIENTED_EDGE('',*,*,#826,.T.);
#313=ORIENTED_EDGE('',*,*,#750,.F.);
#314=ORIENTED_EDGE('',*,*,#832,.T.);
#315=ORIENTED_EDGE('',*,*,#769,.T.);
#316=ORIENTED_EDGE('',*,*,#830,.T.);
#317=ORIENTED_EDGE('',*,*,#804,.T.);
#318=ORIENTED_EDGE('',*,*,#839,.T.);
#319=ORIENTED_EDGE('',*,*,#840,.F.);
#320=ORIENTED_EDGE('',*,*,#841,.T.);
#321=ORIENTED_EDGE('',*,*,#842,.F.);
#322=ORIENTED_EDGE('',*,*,#843,.T.);
#323=ORIENTED_EDGE('',*,*,#735,.T.);
#324=ORIENTED_EDGE('',*,*,#844,.T.);
#325=ORIENTED_EDGE('',*,*,#739,.T.);
#326=ORIENTED_EDGE('',*,*,#845,.T.);
#327=ORIENTED_EDGE('',*,*,#840,.T.);
#328=ORIENTED_EDGE('',*,*,#846,.T.);
#329=ORIENTED_EDGE('',*,*,#847,.F.);
#330=ORIENTED_EDGE('',*,*,#848,.T.);
#331=ORIENTED_EDGE('',*,*,#842,.T.);
#332=ORIENTED_EDGE('',*,*,#849,.T.);
#333=ORIENTED_EDGE('',*,*,#850,.T.);
#334=ORIENTED_EDGE('',*,*,#851,.T.);
#335=ORIENTED_EDGE('',*,*,#835,.F.);
#336=ORIENTED_EDGE('',*,*,#852,.T.);
#337=ORIENTED_EDGE('',*,*,#847,.T.);
#338=ORIENTED_EDGE('',*,*,#853,.T.);
#339=ORIENTED_EDGE('',*,*,#785,.T.);
#340=ORIENTED_EDGE('',*,*,#854,.F.);
#341=ORIENTED_EDGE('',*,*,#855,.T.);
#342=ORIENTED_EDGE('',*,*,#856,.F.);
#343=ORIENTED_EDGE('',*,*,#771,.T.);
#344=ORIENTED_EDGE('',*,*,#831,.T.);
#345=ORIENTED_EDGE('',*,*,#748,.T.);
#346=ORIENTED_EDGE('',*,*,#825,.T.);
#347=ORIENTED_EDGE('',*,*,#794,.T.);
#348=ORIENTED_EDGE('',*,*,#800,.F.);
#349=ORIENTED_EDGE('',*,*,#857,.F.);
#350=ORIENTED_EDGE('',*,*,#854,.T.);
#351=ORIENTED_EDGE('',*,*,#784,.T.);
#352=ORIENTED_EDGE('',*,*,#799,.T.);
#353=ORIENTED_EDGE('',*,*,#858,.F.);
#354=ORIENTED_EDGE('',*,*,#855,.F.);
#355=ORIENTED_EDGE('',*,*,#857,.T.);
#356=ORIENTED_EDGE('',*,*,#791,.T.);
#357=ORIENTED_EDGE('',*,*,#772,.F.);
#358=ORIENTED_EDGE('',*,*,#856,.T.);
#359=ORIENTED_EDGE('',*,*,#858,.T.);
#360=ORIENTED_EDGE('',*,*,#798,.F.);
#361=ORIENTED_EDGE('',*,*,#767,.T.);
#362=ORIENTED_EDGE('',*,*,#859,.T.);
#363=ORIENTED_EDGE('',*,*,#860,.F.);
#364=ORIENTED_EDGE('',*,*,#861,.F.);
#365=ORIENTED_EDGE('',*,*,#809,.T.);
#366=ORIENTED_EDGE('',*,*,#747,.T.);
#367=ORIENTED_EDGE('',*,*,#829,.T.);
#368=ORIENTED_EDGE('',*,*,#862,.T.);
#369=ORIENTED_EDGE('',*,*,#863,.T.);
#370=ORIENTED_EDGE('',*,*,#810,.F.);
#371=ORIENTED_EDGE('',*,*,#861,.T.);
#372=ORIENTED_EDGE('',*,*,#864,.T.);
#373=ORIENTED_EDGE('',*,*,#865,.T.);
#374=ORIENTED_EDGE('',*,*,#862,.F.);
#375=ORIENTED_EDGE('',*,*,#860,.T.);
#376=ORIENTED_EDGE('',*,*,#866,.T.);
#377=ORIENTED_EDGE('',*,*,#867,.T.);
#378=ORIENTED_EDGE('',*,*,#868,.T.);
#379=ORIENTED_EDGE('',*,*,#869,.T.);
#380=ORIENTED_EDGE('',*,*,#781,.T.);
#381=ORIENTED_EDGE('',*,*,#827,.T.);
#382=ORIENTED_EDGE('',*,*,#755,.T.);
#383=ORIENTED_EDGE('',*,*,#819,.T.);
#384=ORIENTED_EDGE('',*,*,#870,.F.);
#385=ORIENTED_EDGE('',*,*,#868,.F.);
#386=ORIENTED_EDGE('',*,*,#871,.T.);
#387=ORIENTED_EDGE('',*,*,#818,.T.);
#388=ORIENTED_EDGE('',*,*,#872,.T.);
#389=ORIENTED_EDGE('',*,*,#869,.F.);
#390=ORIENTED_EDGE('',*,*,#870,.T.);
#391=ORIENTED_EDGE('',*,*,#873,.F.);
#392=ORIENTED_EDGE('',*,*,#805,.T.);
#393=ORIENTED_EDGE('',*,*,#841,.F.);
#394=ORIENTED_EDGE('',*,*,#845,.F.);
#395=ORIENTED_EDGE('',*,*,#742,.F.);
#396=ORIENTED_EDGE('',*,*,#873,.T.);
#397=ORIENTED_EDGE('',*,*,#874,.F.);
#398=ORIENTED_EDGE('',*,*,#806,.T.);
#399=ORIENTED_EDGE('',*,*,#740,.F.);
#400=ORIENTED_EDGE('',*,*,#844,.F.);
#401=ORIENTED_EDGE('',*,*,#738,.F.);
#402=ORIENTED_EDGE('',*,*,#874,.T.);
#403=ORIENTED_EDGE('',*,*,#875,.T.);
#404=ORIENTED_EDGE('',*,*,#851,.F.);
#405=ORIENTED_EDGE('',*,*,#876,.T.);
#406=ORIENTED_EDGE('',*,*,#875,.F.);
#407=ORIENTED_EDGE('',*,*,#876,.F.);
#408=ORIENTED_EDGE('',*,*,#877,.T.);
#409=ORIENTED_EDGE('',*,*,#850,.F.);
#410=ORIENTED_EDGE('',*,*,#878,.T.);
#411=ORIENTED_EDGE('',*,*,#877,.F.);
#412=ORIENTED_EDGE('',*,*,#878,.F.);
#413=ORIENTED_EDGE('',*,*,#879,.T.);
#414=ORIENTED_EDGE('',*,*,#880,.F.);
#415=ORIENTED_EDGE('',*,*,#881,.F.);
#416=ORIENTED_EDGE('',*,*,#882,.T.);
#417=ORIENTED_EDGE('',*,*,#883,.T.);
#418=ORIENTED_EDGE('',*,*,#884,.F.);
#419=ORIENTED_EDGE('',*,*,#885,.F.);
#420=ORIENTED_EDGE('',*,*,#880,.T.);
#421=ORIENTED_EDGE('',*,*,#886,.F.);
#422=ORIENTED_EDGE('',*,*,#887,.F.);
#423=ORIENTED_EDGE('',*,*,#888,.T.);
#424=ORIENTED_EDGE('',*,*,#884,.T.);
#425=ORIENTED_EDGE('',*,*,#889,.T.);
#426=ORIENTED_EDGE('',*,*,#890,.F.);
#427=ORIENTED_EDGE('',*,*,#891,.F.);
#428=ORIENTED_EDGE('',*,*,#887,.T.);
#429=ORIENTED_EDGE('',*,*,#892,.T.);
#430=ORIENTED_EDGE('',*,*,#893,.F.);
#431=ORIENTED_EDGE('',*,*,#894,.F.);
#432=ORIENTED_EDGE('',*,*,#890,.T.);
#433=ORIENTED_EDGE('',*,*,#895,.T.);
#434=ORIENTED_EDGE('',*,*,#896,.F.);
#435=ORIENTED_EDGE('',*,*,#897,.F.);
#436=ORIENTED_EDGE('',*,*,#893,.T.);
#437=ORIENTED_EDGE('',*,*,#898,.T.);
#438=ORIENTED_EDGE('',*,*,#899,.F.);
#439=ORIENTED_EDGE('',*,*,#900,.F.);
#440=ORIENTED_EDGE('',*,*,#896,.T.);
#441=ORIENTED_EDGE('',*,*,#901,.T.);
#442=ORIENTED_EDGE('',*,*,#902,.F.);
#443=ORIENTED_EDGE('',*,*,#903,.F.);
#444=ORIENTED_EDGE('',*,*,#899,.T.);
#445=ORIENTED_EDGE('',*,*,#904,.T.);
#446=ORIENTED_EDGE('',*,*,#905,.F.);
#447=ORIENTED_EDGE('',*,*,#906,.F.);
#448=ORIENTED_EDGE('',*,*,#902,.T.);
#449=ORIENTED_EDGE('',*,*,#907,.F.);
#450=ORIENTED_EDGE('',*,*,#908,.F.);
#451=ORIENTED_EDGE('',*,*,#909,.T.);
#452=ORIENTED_EDGE('',*,*,#905,.T.);
#453=ORIENTED_EDGE('',*,*,#778,.F.);
#454=ORIENTED_EDGE('',*,*,#910,.T.);
#455=ORIENTED_EDGE('',*,*,#881,.T.);
#456=ORIENTED_EDGE('',*,*,#885,.T.);
#457=ORIENTED_EDGE('',*,*,#888,.F.);
#458=ORIENTED_EDGE('',*,*,#891,.T.);
#459=ORIENTED_EDGE('',*,*,#894,.T.);
#460=ORIENTED_EDGE('',*,*,#897,.T.);
#461=ORIENTED_EDGE('',*,*,#900,.T.);
#462=ORIENTED_EDGE('',*,*,#903,.T.);
#463=ORIENTED_EDGE('',*,*,#906,.T.);
#464=ORIENTED_EDGE('',*,*,#909,.F.);
#465=ORIENTED_EDGE('',*,*,#911,.T.);
#466=ORIENTED_EDGE('',*,*,#912,.F.);
#467=ORIENTED_EDGE('',*,*,#780,.T.);
#468=ORIENTED_EDGE('',*,*,#913,.F.);
#469=ORIENTED_EDGE('',*,*,#907,.T.);
#470=ORIENTED_EDGE('',*,*,#904,.F.);
#471=ORIENTED_EDGE('',*,*,#901,.F.);
#472=ORIENTED_EDGE('',*,*,#898,.F.);
#473=ORIENTED_EDGE('',*,*,#895,.F.);
#474=ORIENTED_EDGE('',*,*,#892,.F.);
#475=ORIENTED_EDGE('',*,*,#889,.F.);
#476=ORIENTED_EDGE('',*,*,#886,.T.);
#477=ORIENTED_EDGE('',*,*,#883,.F.);
#478=ORIENTED_EDGE('',*,*,#879,.F.);
#479=ORIENTED_EDGE('',*,*,#913,.T.);
#480=ORIENTED_EDGE('',*,*,#779,.T.);
#481=ORIENTED_EDGE('',*,*,#911,.F.);
#482=ORIENTED_EDGE('',*,*,#908,.T.);
#483=ORIENTED_EDGE('',*,*,#910,.F.);
#484=ORIENTED_EDGE('',*,*,#777,.T.);
#485=ORIENTED_EDGE('',*,*,#912,.T.);
#486=ORIENTED_EDGE('',*,*,#882,.F.);
#487=ORIENTED_EDGE('',*,*,#914,.T.);
#488=ORIENTED_EDGE('',*,*,#775,.T.);
#489=ORIENTED_EDGE('',*,*,#915,.F.);
#490=ORIENTED_EDGE('',*,*,#916,.T.);
#491=ORIENTED_EDGE('',*,*,#773,.F.);
#492=ORIENTED_EDGE('',*,*,#917,.F.);
#493=ORIENTED_EDGE('',*,*,#918,.F.);
#494=ORIENTED_EDGE('',*,*,#919,.T.);
#495=ORIENTED_EDGE('',*,*,#774,.F.);
#496=ORIENTED_EDGE('',*,*,#919,.F.);
#497=ORIENTED_EDGE('',*,*,#920,.T.);
#498=ORIENTED_EDGE('',*,*,#921,.T.);
#499=ORIENTED_EDGE('',*,*,#922,.T.);
#500=ORIENTED_EDGE('',*,*,#923,.T.);
#501=ORIENTED_EDGE('',*,*,#924,.T.);
#502=ORIENTED_EDGE('',*,*,#915,.T.);
#503=ORIENTED_EDGE('',*,*,#917,.T.);
#504=ORIENTED_EDGE('',*,*,#776,.T.);
#505=ORIENTED_EDGE('',*,*,#914,.F.);
#506=ORIENTED_EDGE('',*,*,#925,.F.);
#507=ORIENTED_EDGE('',*,*,#926,.F.);
#508=ORIENTED_EDGE('',*,*,#927,.F.);
#509=ORIENTED_EDGE('',*,*,#928,.F.);
#510=ORIENTED_EDGE('',*,*,#929,.F.);
#511=ORIENTED_EDGE('',*,*,#929,.T.);
#512=ORIENTED_EDGE('',*,*,#930,.F.);
#513=ORIENTED_EDGE('',*,*,#920,.F.);
#514=ORIENTED_EDGE('',*,*,#918,.T.);
#515=ORIENTED_EDGE('',*,*,#928,.T.);
#516=ORIENTED_EDGE('',*,*,#931,.F.);
#517=ORIENTED_EDGE('',*,*,#921,.F.);
#518=ORIENTED_EDGE('',*,*,#930,.T.);
#519=ORIENTED_EDGE('',*,*,#927,.T.);
#520=ORIENTED_EDGE('',*,*,#932,.F.);
#521=ORIENTED_EDGE('',*,*,#922,.F.);
#522=ORIENTED_EDGE('',*,*,#931,.T.);
#523=ORIENTED_EDGE('',*,*,#926,.T.);
#524=ORIENTED_EDGE('',*,*,#933,.F.);
#525=ORIENTED_EDGE('',*,*,#923,.F.);
#526=ORIENTED_EDGE('',*,*,#932,.T.);
#527=ORIENTED_EDGE('',*,*,#925,.T.);
#528=ORIENTED_EDGE('',*,*,#916,.F.);
#529=ORIENTED_EDGE('',*,*,#924,.F.);
#530=ORIENTED_EDGE('',*,*,#933,.T.);
#531=ORIENTED_EDGE('',*,*,#934,.T.);
#532=ORIENTED_EDGE('',*,*,#935,.F.);
#533=ORIENTED_EDGE('',*,*,#936,.F.);
#534=ORIENTED_EDGE('',*,*,#937,.T.);
#535=ORIENTED_EDGE('',*,*,#938,.T.);
#536=ORIENTED_EDGE('',*,*,#939,.F.);
#537=ORIENTED_EDGE('',*,*,#940,.F.);
#538=ORIENTED_EDGE('',*,*,#935,.T.);
#539=ORIENTED_EDGE('',*,*,#941,.F.);
#540=ORIENTED_EDGE('',*,*,#942,.F.);
#541=ORIENTED_EDGE('',*,*,#943,.T.);
#542=ORIENTED_EDGE('',*,*,#939,.T.);
#543=ORIENTED_EDGE('',*,*,#944,.T.);
#544=ORIENTED_EDGE('',*,*,#945,.F.);
#545=ORIENTED_EDGE('',*,*,#946,.F.);
#546=ORIENTED_EDGE('',*,*,#942,.T.);
#547=ORIENTED_EDGE('',*,*,#947,.T.);
#548=ORIENTED_EDGE('',*,*,#948,.F.);
#549=ORIENTED_EDGE('',*,*,#949,.F.);
#550=ORIENTED_EDGE('',*,*,#945,.T.);
#551=ORIENTED_EDGE('',*,*,#950,.T.);
#552=ORIENTED_EDGE('',*,*,#951,.F.);
#553=ORIENTED_EDGE('',*,*,#952,.F.);
#554=ORIENTED_EDGE('',*,*,#948,.T.);
#555=ORIENTED_EDGE('',*,*,#953,.T.);
#556=ORIENTED_EDGE('',*,*,#954,.F.);
#557=ORIENTED_EDGE('',*,*,#955,.F.);
#558=ORIENTED_EDGE('',*,*,#951,.T.);
#559=ORIENTED_EDGE('',*,*,#956,.T.);
#560=ORIENTED_EDGE('',*,*,#957,.F.);
#561=ORIENTED_EDGE('',*,*,#958,.F.);
#562=ORIENTED_EDGE('',*,*,#954,.T.);
#563=ORIENTED_EDGE('',*,*,#959,.T.);
#564=ORIENTED_EDGE('',*,*,#960,.F.);
#565=ORIENTED_EDGE('',*,*,#961,.F.);
#566=ORIENTED_EDGE('',*,*,#957,.T.);
#567=ORIENTED_EDGE('',*,*,#962,.F.);
#568=ORIENTED_EDGE('',*,*,#963,.F.);
#569=ORIENTED_EDGE('',*,*,#964,.T.);
#570=ORIENTED_EDGE('',*,*,#960,.T.);
#571=ORIENTED_EDGE('',*,*,#762,.F.);
#572=ORIENTED_EDGE('',*,*,#965,.T.);
#573=ORIENTED_EDGE('',*,*,#936,.T.);
#574=ORIENTED_EDGE('',*,*,#940,.T.);
#575=ORIENTED_EDGE('',*,*,#943,.F.);
#576=ORIENTED_EDGE('',*,*,#946,.T.);
#577=ORIENTED_EDGE('',*,*,#949,.T.);
#578=ORIENTED_EDGE('',*,*,#952,.T.);
#579=ORIENTED_EDGE('',*,*,#955,.T.);
#580=ORIENTED_EDGE('',*,*,#958,.T.);
#581=ORIENTED_EDGE('',*,*,#961,.T.);
#582=ORIENTED_EDGE('',*,*,#964,.F.);
#583=ORIENTED_EDGE('',*,*,#966,.T.);
#584=ORIENTED_EDGE('',*,*,#967,.F.);
#585=ORIENTED_EDGE('',*,*,#764,.T.);
#586=ORIENTED_EDGE('',*,*,#968,.F.);
#587=ORIENTED_EDGE('',*,*,#962,.T.);
#588=ORIENTED_EDGE('',*,*,#959,.F.);
#589=ORIENTED_EDGE('',*,*,#956,.F.);
#590=ORIENTED_EDGE('',*,*,#953,.F.);
#591=ORIENTED_EDGE('',*,*,#950,.F.);
#592=ORIENTED_EDGE('',*,*,#947,.F.);
#593=ORIENTED_EDGE('',*,*,#944,.F.);
#594=ORIENTED_EDGE('',*,*,#941,.T.);
#595=ORIENTED_EDGE('',*,*,#938,.F.);
#596=ORIENTED_EDGE('',*,*,#934,.F.);
#597=ORIENTED_EDGE('',*,*,#968,.T.);
#598=ORIENTED_EDGE('',*,*,#763,.T.);
#599=ORIENTED_EDGE('',*,*,#966,.F.);
#600=ORIENTED_EDGE('',*,*,#963,.T.);
#601=ORIENTED_EDGE('',*,*,#965,.F.);
#602=ORIENTED_EDGE('',*,*,#761,.T.);
#603=ORIENTED_EDGE('',*,*,#967,.T.);
#604=ORIENTED_EDGE('',*,*,#937,.F.);
#605=ORIENTED_EDGE('',*,*,#969,.T.);
#606=ORIENTED_EDGE('',*,*,#759,.T.);
#607=ORIENTED_EDGE('',*,*,#970,.F.);
#608=ORIENTED_EDGE('',*,*,#971,.T.);
#609=ORIENTED_EDGE('',*,*,#757,.F.);
#610=ORIENTED_EDGE('',*,*,#972,.F.);
#611=ORIENTED_EDGE('',*,*,#973,.F.);
#612=ORIENTED_EDGE('',*,*,#974,.T.);
#613=ORIENTED_EDGE('',*,*,#758,.F.);
#614=ORIENTED_EDGE('',*,*,#974,.F.);
#615=ORIENTED_EDGE('',*,*,#975,.T.);
#616=ORIENTED_EDGE('',*,*,#976,.T.);
#617=ORIENTED_EDGE('',*,*,#977,.T.);
#618=ORIENTED_EDGE('',*,*,#978,.T.);
#619=ORIENTED_EDGE('',*,*,#979,.T.);
#620=ORIENTED_EDGE('',*,*,#970,.T.);
#621=ORIENTED_EDGE('',*,*,#972,.T.);
#622=ORIENTED_EDGE('',*,*,#760,.T.);
#623=ORIENTED_EDGE('',*,*,#969,.F.);
#624=ORIENTED_EDGE('',*,*,#980,.F.);
#625=ORIENTED_EDGE('',*,*,#981,.F.);
#626=ORIENTED_EDGE('',*,*,#982,.F.);
#627=ORIENTED_EDGE('',*,*,#983,.F.);
#628=ORIENTED_EDGE('',*,*,#984,.F.);
#629=ORIENTED_EDGE('',*,*,#984,.T.);
#630=ORIENTED_EDGE('',*,*,#985,.F.);
#631=ORIENTED_EDGE('',*,*,#975,.F.);
#632=ORIENTED_EDGE('',*,*,#973,.T.);
#633=ORIENTED_EDGE('',*,*,#983,.T.);
#634=ORIENTED_EDGE('',*,*,#986,.F.);
#635=ORIENTED_EDGE('',*,*,#976,.F.);
#636=ORIENTED_EDGE('',*,*,#985,.T.);
#637=ORIENTED_EDGE('',*,*,#982,.T.);
#638=ORIENTED_EDGE('',*,*,#987,.F.);
#639=ORIENTED_EDGE('',*,*,#977,.F.);
#640=ORIENTED_EDGE('',*,*,#986,.T.);
#641=ORIENTED_EDGE('',*,*,#981,.T.);
#642=ORIENTED_EDGE('',*,*,#988,.F.);
#643=ORIENTED_EDGE('',*,*,#978,.F.);
#644=ORIENTED_EDGE('',*,*,#987,.T.);
#645=ORIENTED_EDGE('',*,*,#980,.T.);
#646=ORIENTED_EDGE('',*,*,#971,.F.);
#647=ORIENTED_EDGE('',*,*,#979,.F.);
#648=ORIENTED_EDGE('',*,*,#988,.T.);
#649=ORIENTED_EDGE('',*,*,#859,.F.);
#650=ORIENTED_EDGE('',*,*,#766,.F.);
#651=ORIENTED_EDGE('',*,*,#989,.F.);
#652=ORIENTED_EDGE('',*,*,#864,.F.);
#653=ORIENTED_EDGE('',*,*,#989,.T.);
#654=ORIENTED_EDGE('',*,*,#790,.F.);
#655=ORIENTED_EDGE('',*,*,#990,.F.);
#656=ORIENTED_EDGE('',*,*,#990,.T.);
#657=ORIENTED_EDGE('',*,*,#797,.F.);
#658=ORIENTED_EDGE('',*,*,#991,.F.);
#659=ORIENTED_EDGE('',*,*,#865,.F.);
#660=ORIENTED_EDGE('',*,*,#991,.T.);
#661=ORIENTED_EDGE('',*,*,#796,.F.);
#662=ORIENTED_EDGE('',*,*,#992,.F.);
#663=ORIENTED_EDGE('',*,*,#863,.F.);
#664=ORIENTED_EDGE('',*,*,#992,.T.);
#665=ORIENTED_EDGE('',*,*,#795,.F.);
#666=ORIENTED_EDGE('',*,*,#993,.F.);
#667=ORIENTED_EDGE('',*,*,#811,.F.);
#668=ORIENTED_EDGE('',*,*,#993,.T.);
#669=ORIENTED_EDGE('',*,*,#736,.F.);
#670=ORIENTED_EDGE('',*,*,#994,.F.);
#671=ORIENTED_EDGE('',*,*,#812,.F.);
#672=ORIENTED_EDGE('',*,*,#994,.T.);
#673=ORIENTED_EDGE('',*,*,#843,.F.);
#674=ORIENTED_EDGE('',*,*,#995,.F.);
#675=ORIENTED_EDGE('',*,*,#813,.F.);
#676=ORIENTED_EDGE('',*,*,#995,.T.);
#677=ORIENTED_EDGE('',*,*,#848,.F.);
#678=ORIENTED_EDGE('',*,*,#996,.F.);
#679=ORIENTED_EDGE('',*,*,#814,.F.);
#680=ORIENTED_EDGE('',*,*,#996,.T.);
#681=ORIENTED_EDGE('',*,*,#852,.F.);
#682=ORIENTED_EDGE('',*,*,#997,.F.);
#683=ORIENTED_EDGE('',*,*,#815,.F.);
#684=ORIENTED_EDGE('',*,*,#997,.T.);
#685=ORIENTED_EDGE('',*,*,#834,.F.);
#686=ORIENTED_EDGE('',*,*,#998,.F.);
#687=ORIENTED_EDGE('',*,*,#807,.F.);
#688=ORIENTED_EDGE('',*,*,#998,.T.);
#689=ORIENTED_EDGE('',*,*,#837,.F.);
#690=ORIENTED_EDGE('',*,*,#744,.F.);
#691=ORIENTED_EDGE('',*,*,#808,.F.);
#692=ORIENTED_EDGE('',*,*,#753,.F.);
#693=ORIENTED_EDGE('',*,*,#838,.F.);
#694=ORIENTED_EDGE('',*,*,#999,.F.);
#695=ORIENTED_EDGE('',*,*,#820,.F.);
#696=ORIENTED_EDGE('',*,*,#999,.T.);
#697=ORIENTED_EDGE('',*,*,#836,.F.);
#698=ORIENTED_EDGE('',*,*,#1000,.F.);
#699=ORIENTED_EDGE('',*,*,#821,.F.);
#700=ORIENTED_EDGE('',*,*,#1000,.T.);
#701=ORIENTED_EDGE('',*,*,#853,.F.);
#702=ORIENTED_EDGE('',*,*,#1001,.F.);
#703=ORIENTED_EDGE('',*,*,#822,.F.);
#704=ORIENTED_EDGE('',*,*,#1001,.T.);
#705=ORIENTED_EDGE('',*,*,#849,.F.);
#706=ORIENTED_EDGE('',*,*,#1002,.F.);
#707=ORIENTED_EDGE('',*,*,#823,.F.);
#708=ORIENTED_EDGE('',*,*,#1002,.T.);
#709=ORIENTED_EDGE('',*,*,#846,.F.);
#710=ORIENTED_EDGE('',*,*,#1003,.F.);
#711=ORIENTED_EDGE('',*,*,#824,.F.);
#712=ORIENTED_EDGE('',*,*,#1003,.T.);
#713=ORIENTED_EDGE('',*,*,#839,.F.);
#714=ORIENTED_EDGE('',*,*,#1004,.F.);
#715=ORIENTED_EDGE('',*,*,#816,.F.);
#716=ORIENTED_EDGE('',*,*,#1004,.T.);
#717=ORIENTED_EDGE('',*,*,#803,.F.);
#718=ORIENTED_EDGE('',*,*,#1005,.F.);
#719=ORIENTED_EDGE('',*,*,#817,.F.);
#720=ORIENTED_EDGE('',*,*,#1005,.T.);
#721=ORIENTED_EDGE('',*,*,#802,.F.);
#722=ORIENTED_EDGE('',*,*,#1006,.F.);
#723=ORIENTED_EDGE('',*,*,#872,.F.);
#724=ORIENTED_EDGE('',*,*,#1006,.T.);
#725=ORIENTED_EDGE('',*,*,#801,.F.);
#726=ORIENTED_EDGE('',*,*,#1007,.F.);
#727=ORIENTED_EDGE('',*,*,#866,.F.);
#728=ORIENTED_EDGE('',*,*,#1007,.T.);
#729=ORIENTED_EDGE('',*,*,#792,.F.);
#730=ORIENTED_EDGE('',*,*,#1008,.F.);
#731=ORIENTED_EDGE('',*,*,#871,.F.);
#732=ORIENTED_EDGE('',*,*,#867,.F.);
#733=ORIENTED_EDGE('',*,*,#1008,.T.);
#734=ORIENTED_EDGE('',*,*,#782,.F.);
#735=EDGE_CURVE('',#1009,#1010,#1187,.T.);
#736=EDGE_CURVE('',#1009,#1011,#99,.F.);
#737=EDGE_CURVE('',#1011,#1012,#1188,.T.);
#738=EDGE_CURVE('',#1012,#1010,#93,.T.);
#739=EDGE_CURVE('',#1013,#1014,#1189,.T.);
#740=EDGE_CURVE('',#1013,#1015,#94,.T.);
#741=EDGE_CURVE('',#1015,#1016,#1190,.T.);
#742=EDGE_CURVE('',#1016,#1014,#95,.T.);
#743=EDGE_CURVE('',#1017,#1018,#1191,.T.);
#744=EDGE_CURVE('',#1017,#1019,#100,.F.);
#745=EDGE_CURVE('',#1019,#1020,#1192,.T.);
#746=EDGE_CURVE('',#1020,#1021,#1193,.T.);
#747=EDGE_CURVE('',#1018,#1021,#1194,.T.);
#748=EDGE_CURVE('',#1022,#1023,#1195,.T.);
#749=EDGE_CURVE('',#1024,#1022,#1196,.T.);
#750=EDGE_CURVE('',#1024,#1025,#1197,.T.);
#751=EDGE_CURVE('',#1025,#1023,#1198,.T.);
#752=EDGE_CURVE('',#1026,#1027,#1199,.T.);
#753=EDGE_CURVE('',#1027,#1028,#101,.F.);
#754=EDGE_CURVE('',#1028,#1029,#1200,.T.);
#755=EDGE_CURVE('',#1030,#1029,#1201,.T.);
#756=EDGE_CURVE('',#1026,#1030,#1202,.T.);
#757=EDGE_CURVE('',#1031,#1032,#1203,.F.);
#758=EDGE_CURVE('',#1032,#1033,#1204,.T.);
#759=EDGE_CURVE('',#1034,#1033,#1205,.T.);
#760=EDGE_CURVE('',#1031,#1034,#1206,.T.);
#761=EDGE_CURVE('',#1035,#1036,#1207,.T.);
#762=EDGE_CURVE('',#1035,#1037,#1208,.T.);
#763=EDGE_CURVE('',#1038,#1037,#1209,.T.);
#764=EDGE_CURVE('',#1036,#1038,#1210,.T.);
#765=EDGE_CURVE('',#1039,#1040,#1211,.T.);
#766=EDGE_CURVE('',#1039,#1041,#1212,.T.);
#767=EDGE_CURVE('',#1042,#1041,#1213,.T.);
#768=EDGE_CURVE('',#1043,#1042,#1214,.T.);
#769=EDGE_CURVE('',#1044,#1043,#1215,.T.);
#770=EDGE_CURVE('',#1044,#1045,#1216,.T.);
#771=EDGE_CURVE('',#1046,#1045,#1217,.T.);
#772=EDGE_CURVE('',#1046,#1040,#1218,.T.);
#773=EDGE_CURVE('',#1047,#1048,#1219,.F.);
#774=EDGE_CURVE('',#1048,#1049,#1220,.T.);
#775=EDGE_CURVE('',#1050,#1049,#1221,.T.);
#776=EDGE_CURVE('',#1047,#1050,#1222,.T.);
#777=EDGE_CURVE('',#1051,#1052,#1223,.T.);
#778=EDGE_CURVE('',#1051,#1053,#1224,.T.);
#779=EDGE_CURVE('',#1054,#1053,#1225,.T.);
#780=EDGE_CURVE('',#1052,#1054,#1226,.T.);
#781=EDGE_CURVE('',#1055,#1056,#1227,.T.);
#782=EDGE_CURVE('',#1055,#1057,#1228,.F.);
#783=EDGE_CURVE('',#1058,#1057,#1229,.T.);
#784=EDGE_CURVE('',#1059,#1058,#1230,.T.);
#785=EDGE_CURVE('',#1060,#1059,#1231,.T.);
#786=EDGE_CURVE('',#1061,#1060,#1232,.T.);
#787=EDGE_CURVE('',#1062,#1061,#1233,.T.);
#788=EDGE_CURVE('',#1062,#1056,#1234,.T.);
#789=EDGE_CURVE('',#1063,#1064,#1235,.T.);
#790=EDGE_CURVE('',#1063,#1039,#102,.T.);
#791=EDGE_CURVE('',#1064,#1040,#96,.T.);
#792=EDGE_CURVE('',#1057,#1065,#103,.F.);
#793=EDGE_CURVE('',#1066,#1065,#1236,.T.);
#794=EDGE_CURVE('',#1058,#1066,#97,.T.);
#795=EDGE_CURVE('',#1011,#1067,#1237,.F.);
#796=EDGE_CURVE('',#1067,#1068,#104,.F.);
#797=EDGE_CURVE('',#1068,#1063,#105,.F.);
#798=EDGE_CURVE('',#1064,#1069,#106,.T.);
#799=EDGE_CURVE('',#1070,#1069,#1238,.T.);
#800=EDGE_CURVE('',#1070,#1066,#107,.T.);
#801=EDGE_CURVE('',#1065,#1071,#108,.F.);
#802=EDGE_CURVE('',#1071,#1072,#109,.F.);
#803=EDGE_CURVE('',#1072,#1073,#1239,.T.);
#804=EDGE_CURVE('',#1074,#1073,#1240,.T.);
#805=EDGE_CURVE('',#1016,#1074,#110,.T.);
#806=EDGE_CURVE('',#1012,#1015,#111,.T.);
#807=EDGE_CURVE('',#1075,#1076,#112,.T.);
#808=EDGE_CURVE('',#1076,#1017,#1241,.T.);
#809=EDGE_CURVE('',#1077,#1018,#1242,.T.);
#810=EDGE_CURVE('',#1077,#1078,#1243,.T.);
#811=EDGE_CURVE('',#1078,#1079,#1244,.T.);
#812=EDGE_CURVE('',#1079,#1080,#113,.T.);
#813=EDGE_CURVE('',#1080,#1081,#1245,.T.);
#814=EDGE_CURVE('',#1081,#1082,#114,.T.);
#815=EDGE_CURVE('',#1082,#1075,#1246,.T.);
#816=EDGE_CURVE('',#1083,#1084,#115,.F.);
#817=EDGE_CURVE('',#1084,#1085,#1247,.F.);
#818=EDGE_CURVE('',#1086,#1085,#1248,.T.);
#819=EDGE_CURVE('',#1029,#1086,#1249,.T.);
#820=EDGE_CURVE('',#1028,#1087,#1250,.F.);
#821=EDGE_CURVE('',#1087,#1088,#116,.F.);
#822=EDGE_CURVE('',#1088,#1089,#1251,.F.);
#823=EDGE_CURVE('',#1089,#1090,#117,.F.);
#824=EDGE_CURVE('',#1090,#1083,#1252,.F.);
#825=EDGE_CURVE('',#1023,#1060,#1253,.T.);
#826=EDGE_CURVE('',#1061,#1025,#1254,.T.);
#827=EDGE_CURVE('',#1056,#1030,#1255,.T.);
#828=EDGE_CURVE('',#1026,#1062,#1256,.T.);
#829=EDGE_CURVE('',#1021,#1042,#1257,.T.);
#830=EDGE_CURVE('',#1043,#1020,#1258,.T.);
#831=EDGE_CURVE('',#1045,#1022,#1259,.T.);
#832=EDGE_CURVE('',#1024,#1044,#1260,.T.);
#833=EDGE_CURVE('',#1091,#1092,#1261,.T.);
#834=EDGE_CURVE('',#1091,#1093,#118,.F.);
#835=EDGE_CURVE('',#1093,#1094,#1262,.T.);
#836=EDGE_CURVE('',#1094,#1092,#119,.T.);
#837=EDGE_CURVE('',#1019,#1091,#1263,.F.);
#838=EDGE_CURVE('',#1092,#1027,#1264,.T.);
#839=EDGE_CURVE('',#1073,#1095,#120,.T.);
#840=EDGE_CURVE('',#1096,#1095,#1265,.T.);
#841=EDGE_CURVE('',#1096,#1074,#98,.T.);
#842=EDGE_CURVE('',#1097,#1098,#1266,.T.);
#843=EDGE_CURVE('',#1097,#1009,#1267,.F.);
#844=EDGE_CURVE('',#1010,#1013,#34,.T.);
#845=EDGE_CURVE('',#1014,#1096,#35,.T.);
#846=EDGE_CURVE('',#1095,#1098,#1268,.T.);
#847=EDGE_CURVE('',#1099,#1100,#1269,.T.);
#848=EDGE_CURVE('',#1099,#1097,#121,.F.);
#849=EDGE_CURVE('',#1098,#1100,#122,.T.);
#850=EDGE_CURVE('',#1101,#1101,#123,.T.);
#851=EDGE_CURVE('',#1102,#1102,#124,.T.);
#852=EDGE_CURVE('',#1093,#1099,#1270,.F.);
#853=EDGE_CURVE('',#1100,#1094,#1271,.T.);
#854=EDGE_CURVE('',#1103,#1059,#125,.T.);
#855=EDGE_CURVE('',#1103,#1104,#1272,.T.);
#856=EDGE_CURVE('',#1046,#1104,#126,.T.);
#857=EDGE_CURVE('',#1103,#1070,#1273,.T.);
#858=EDGE_CURVE('',#1104,#1069,#1274,.T.);
#859=EDGE_CURVE('',#1041,#1105,#127,.F.);
#860=EDGE_CURVE('',#1106,#1105,#128,.T.);
#861=EDGE_CURVE('',#1077,#1106,#129,.T.);
#862=EDGE_CURVE('',#1106,#1107,#1275,.T.);
#863=EDGE_CURVE('',#1107,#1078,#130,.T.);
#864=EDGE_CURVE('',#1105,#1108,#1276,.T.);
#865=EDGE_CURVE('',#1108,#1107,#131,.T.);
#866=EDGE_CURVE('',#1109,#1110,#132,.T.);
#867=EDGE_CURVE('',#1110,#1111,#1277,.F.);
#868=EDGE_CURVE('',#1111,#1112,#133,.T.);
#869=EDGE_CURVE('',#1112,#1109,#1278,.T.);
#870=EDGE_CURVE('',#1112,#1086,#134,.T.);
#871=EDGE_CURVE('',#1111,#1055,#135,.F.);
#872=EDGE_CURVE('',#1085,#1109,#136,.T.);
#873=EDGE_CURVE('',#1113,#1113,#137,.T.);
#874=EDGE_CURVE('',#1114,#1114,#138,.T.);
#875=EDGE_CURVE('',#1115,#1115,#139,.T.);
#876=EDGE_CURVE('',#1116,#1116,#140,.T.);
#877=EDGE_CURVE('',#1117,#1117,#141,.T.);
#878=EDGE_CURVE('',#1118,#1118,#142,.T.);
#879=EDGE_CURVE('',#1119,#1120,#143,.T.);
#880=EDGE_CURVE('',#1121,#1120,#1279,.T.);
#881=EDGE_CURVE('',#1122,#1121,#144,.T.);
#882=EDGE_CURVE('',#1122,#1119,#1280,.T.);
#883=EDGE_CURVE('',#1120,#1123,#1281,.T.);
#884=EDGE_CURVE('',#1124,#1123,#1282,.T.);
#885=EDGE_CURVE('',#1121,#1124,#1283,.T.);
#886=EDGE_CURVE('',#1125,#1123,#145,.T.);
#887=EDGE_CURVE('',#1126,#1125,#1284,.T.);
#888=EDGE_CURVE('',#1126,#1124,#146,.T.);
#889=EDGE_CURVE('',#1125,#1127,#1285,.T.);
#890=EDGE_CURVE('',#1128,#1127,#1286,.T.);
#891=EDGE_CURVE('',#1126,#1128,#1287,.T.);
#892=EDGE_CURVE('',#1127,#1129,#147,.T.);
#893=EDGE_CURVE('',#1130,#1129,#1288,.T.);
#894=EDGE_CURVE('',#1128,#1130,#148,.T.);
#895=EDGE_CURVE('',#1129,#1131,#1289,.T.);
#896=EDGE_CURVE('',#1132,#1131,#1290,.T.);
#897=EDGE_CURVE('',#1130,#1132,#1291,.T.);
#898=EDGE_CURVE('',#1131,#1133,#1292,.T.);
#899=EDGE_CURVE('',#1134,#1133,#1293,.T.);
#900=EDGE_CURVE('',#1132,#1134,#1294,.T.);
#901=EDGE_CURVE('',#1133,#1135,#1295,.T.);
#902=EDGE_CURVE('',#1136,#1135,#1296,.T.);
#903=EDGE_CURVE('',#1134,#1136,#1297,.T.);
#904=EDGE_CURVE('',#1135,#1137,#1298,.T.);
#905=EDGE_CURVE('',#1138,#1137,#1299,.T.);
#906=EDGE_CURVE('',#1136,#1138,#1300,.T.);
#907=EDGE_CURVE('',#1139,#1137,#149,.T.);
#908=EDGE_CURVE('',#1140,#1139,#1301,.T.);
#909=EDGE_CURVE('',#1140,#1138,#150,.T.);
#910=EDGE_CURVE('',#1051,#1122,#1302,.T.);
#911=EDGE_CURVE('',#1140,#1053,#1303,.T.);
#912=EDGE_CURVE('',#1052,#1119,#1304,.T.);
#913=EDGE_CURVE('',#1139,#1054,#1305,.T.);
#914=EDGE_CURVE('',#1141,#1050,#1306,.T.);
#915=EDGE_CURVE('',#1142,#1049,#1307,.T.);
#916=EDGE_CURVE('',#1142,#1141,#1308,.T.);
#917=EDGE_CURVE('',#1143,#1047,#151,.T.);
#918=EDGE_CURVE('',#1144,#1143,#1309,.T.);
#919=EDGE_CURVE('',#1144,#1048,#152,.T.);
#920=EDGE_CURVE('',#1144,#1145,#1310,.T.);
#921=EDGE_CURVE('',#1145,#1146,#1311,.T.);
#922=EDGE_CURVE('',#1146,#1147,#1312,.T.);
#923=EDGE_CURVE('',#1147,#1148,#1313,.T.);
#924=EDGE_CURVE('',#1148,#1142,#153,.T.);
#925=EDGE_CURVE('',#1149,#1141,#154,.T.);
#926=EDGE_CURVE('',#1150,#1149,#1314,.T.);
#927=EDGE_CURVE('',#1151,#1150,#1315,.T.);
#928=EDGE_CURVE('',#1152,#1151,#1316,.T.);
#929=EDGE_CURVE('',#1143,#1152,#1317,.T.);
#930=EDGE_CURVE('',#1145,#1152,#1318,.T.);
#931=EDGE_CURVE('',#1146,#1151,#1319,.T.);
#932=EDGE_CURVE('',#1147,#1150,#1320,.T.);
#933=EDGE_CURVE('',#1148,#1149,#1321,.T.);
#934=EDGE_CURVE('',#1153,#1154,#155,.T.);
#935=EDGE_CURVE('',#1155,#1154,#1322,.T.);
#936=EDGE_CURVE('',#1156,#1155,#156,.T.);
#937=EDGE_CURVE('',#1156,#1153,#1323,.T.);
#938=EDGE_CURVE('',#1154,#1157,#1324,.T.);
#939=EDGE_CURVE('',#1158,#1157,#1325,.T.);
#940=EDGE_CURVE('',#1155,#1158,#1326,.T.);
#941=EDGE_CURVE('',#1159,#1157,#157,.T.);
#942=EDGE_CURVE('',#1160,#1159,#1327,.T.);
#943=EDGE_CURVE('',#1160,#1158,#158,.T.);
#944=EDGE_CURVE('',#1159,#1161,#1328,.T.);
#945=EDGE_CURVE('',#1162,#1161,#1329,.T.);
#946=EDGE_CURVE('',#1160,#1162,#1330,.T.);
#947=EDGE_CURVE('',#1161,#1163,#159,.T.);
#948=EDGE_CURVE('',#1164,#1163,#1331,.T.);
#949=EDGE_CURVE('',#1162,#1164,#160,.T.);
#950=EDGE_CURVE('',#1163,#1165,#1332,.T.);
#951=EDGE_CURVE('',#1166,#1165,#1333,.T.);
#952=EDGE_CURVE('',#1164,#1166,#1334,.T.);
#953=EDGE_CURVE('',#1165,#1167,#1335,.T.);
#954=EDGE_CURVE('',#1168,#1167,#1336,.T.);
#955=EDGE_CURVE('',#1166,#1168,#1337,.T.);
#956=EDGE_CURVE('',#1167,#1169,#1338,.T.);
#957=EDGE_CURVE('',#1170,#1169,#1339,.T.);
#958=EDGE_CURVE('',#1168,#1170,#1340,.T.);
#959=EDGE_CURVE('',#1169,#1171,#1341,.T.);
#960=EDGE_CURVE('',#1172,#1171,#1342,.T.);
#961=EDGE_CURVE('',#1170,#1172,#1343,.T.);
#962=EDGE_CURVE('',#1173,#1171,#161,.T.);
#963=EDGE_CURVE('',#1174,#1173,#1344,.T.);
#964=EDGE_CURVE('',#1174,#1172,#162,.T.);
#965=EDGE_CURVE('',#1035,#1156,#1345,.T.);
#966=EDGE_CURVE('',#1174,#1037,#1346,.T.);
#967=EDGE_CURVE('',#1036,#1153,#1347,.T.);
#968=EDGE_CURVE('',#1173,#1038,#1348,.T.);
#969=EDGE_CURVE('',#1175,#1034,#1349,.T.);
#970=EDGE_CURVE('',#1176,#1033,#1350,.T.);
#971=EDGE_CURVE('',#1176,#1175,#1351,.T.);
#972=EDGE_CURVE('',#1177,#1031,#163,.T.);
#973=EDGE_CURVE('',#1178,#1177,#1352,.T.);
#974=EDGE_CURVE('',#1178,#1032,#164,.T.);
#975=EDGE_CURVE('',#1178,#1179,#1353,.T.);
#976=EDGE_CURVE('',#1179,#1180,#1354,.T.);
#977=EDGE_CURVE('',#1180,#1181,#1355,.T.);
#978=EDGE_CURVE('',#1181,#1182,#1356,.T.);
#979=EDGE_CURVE('',#1182,#1176,#165,.T.);
#980=EDGE_CURVE('',#1183,#1175,#166,.T.);
#981=EDGE_CURVE('',#1184,#1183,#1357,.T.);
#982=EDGE_CURVE('',#1185,#1184,#1358,.T.);
#983=EDGE_CURVE('',#1186,#1185,#1359,.T.);
#984=EDGE_CURVE('',#1177,#1186,#1360,.T.);
#985=EDGE_CURVE('',#1179,#1186,#1361,.T.);
#986=EDGE_CURVE('',#1180,#1185,#1362,.T.);
#987=EDGE_CURVE('',#1181,#1184,#1363,.T.);
#988=EDGE_CURVE('',#1182,#1183,#1364,.T.);
#989=EDGE_CURVE('',#1108,#1039,#167,.T.);
#990=EDGE_CURVE('',#1108,#1063,#168,.T.);
#991=EDGE_CURVE('',#1107,#1068,#169,.T.);
#992=EDGE_CURVE('',#1078,#1067,#170,.T.);
#993=EDGE_CURVE('',#1079,#1011,#171,.T.);
#994=EDGE_CURVE('',#1080,#1009,#172,.T.);
#995=EDGE_CURVE('',#1081,#1097,#173,.T.);
#996=EDGE_CURVE('',#1082,#1099,#174,.T.);
#997=EDGE_CURVE('',#1075,#1093,#175,.T.);
#998=EDGE_CURVE('',#1076,#1091,#176,.T.);
#999=EDGE_CURVE('',#1087,#1092,#177,.T.);
#1000=EDGE_CURVE('',#1088,#1094,#178,.T.);
#1001=EDGE_CURVE('',#1089,#1100,#179,.T.);
#1002=EDGE_CURVE('',#1090,#1098,#180,.T.);
#1003=EDGE_CURVE('',#1083,#1095,#181,.T.);
#1004=EDGE_CURVE('',#1084,#1073,#182,.T.);
#1005=EDGE_CURVE('',#1085,#1072,#183,.T.);
#1006=EDGE_CURVE('',#1109,#1071,#184,.T.);
#1007=EDGE_CURVE('',#1110,#1065,#185,.T.);
#1008=EDGE_CURVE('',#1110,#1057,#186,.T.);
#1009=VERTEX_POINT('',#2724);
#1010=VERTEX_POINT('',#2725);
#1011=VERTEX_POINT('',#2727);
#1012=VERTEX_POINT('',#2729);
#1013=VERTEX_POINT('',#2736);
#1014=VERTEX_POINT('',#2737);
#1015=VERTEX_POINT('',#2742);
#1016=VERTEX_POINT('',#2744);
#1017=VERTEX_POINT('',#2751);
#1018=VERTEX_POINT('',#2752);
#1019=VERTEX_POINT('',#2754);
#1020=VERTEX_POINT('',#2756);
#1021=VERTEX_POINT('',#2758);
#1022=VERTEX_POINT('',#2762);
#1023=VERTEX_POINT('',#2763);
#1024=VERTEX_POINT('',#2765);
#1025=VERTEX_POINT('',#2767);
#1026=VERTEX_POINT('',#2771);
#1027=VERTEX_POINT('',#2772);
#1028=VERTEX_POINT('',#2774);
#1029=VERTEX_POINT('',#2776);
#1030=VERTEX_POINT('',#2778);
#1031=VERTEX_POINT('',#2782);
#1032=VERTEX_POINT('',#2783);
#1033=VERTEX_POINT('',#2785);
#1034=VERTEX_POINT('',#2787);
#1035=VERTEX_POINT('',#2790);
#1036=VERTEX_POINT('',#2791);
#1037=VERTEX_POINT('',#2793);
#1038=VERTEX_POINT('',#2795);
#1039=VERTEX_POINT('',#2798);
#1040=VERTEX_POINT('',#2799);
#1041=VERTEX_POINT('',#2801);
#1042=VERTEX_POINT('',#2803);
#1043=VERTEX_POINT('',#2805);
#1044=VERTEX_POINT('',#2807);
#1045=VERTEX_POINT('',#2809);
#1046=VERTEX_POINT('',#2811);
#1047=VERTEX_POINT('',#2815);
#1048=VERTEX_POINT('',#2816);
#1049=VERTEX_POINT('',#2818);
#1050=VERTEX_POINT('',#2820);
#1051=VERTEX_POINT('',#2823);
#1052=VERTEX_POINT('',#2824);
#1053=VERTEX_POINT('',#2826);
#1054=VERTEX_POINT('',#2828);
#1055=VERTEX_POINT('',#2831);
#1056=VERTEX_POINT('',#2832);
#1057=VERTEX_POINT('',#2834);
#1058=VERTEX_POINT('',#2836);
#1059=VERTEX_POINT('',#2838);
#1060=VERTEX_POINT('',#2840);
#1061=VERTEX_POINT('',#2842);
#1062=VERTEX_POINT('',#2844);
#1063=VERTEX_POINT('',#2848);
#1064=VERTEX_POINT('',#2849);
#1065=VERTEX_POINT('',#2859);
#1066=VERTEX_POINT('',#2861);
#1067=VERTEX_POINT('',#2870);
#1068=VERTEX_POINT('',#2872);
#1069=VERTEX_POINT('',#2875);
#1070=VERTEX_POINT('',#2877);
#1071=VERTEX_POINT('',#2880);
#1072=VERTEX_POINT('',#2882);
#1073=VERTEX_POINT('',#2884);
#1074=VERTEX_POINT('',#2886);
#1075=VERTEX_POINT('',#2891);
#1076=VERTEX_POINT('',#2892);
#1077=VERTEX_POINT('',#2895);
#1078=VERTEX_POINT('',#2897);
#1079=VERTEX_POINT('',#2899);
#1080=VERTEX_POINT('',#2901);
#1081=VERTEX_POINT('',#2903);
#1082=VERTEX_POINT('',#2905);
#1083=VERTEX_POINT('',#2909);
#1084=VERTEX_POINT('',#2910);
#1085=VERTEX_POINT('',#2912);
#1086=VERTEX_POINT('',#2914);
#1087=VERTEX_POINT('',#2917);
#1088=VERTEX_POINT('',#2919);
#1089=VERTEX_POINT('',#2921);
#1090=VERTEX_POINT('',#2923);
#1091=VERTEX_POINT('',#2939);
#1092=VERTEX_POINT('',#2940);
#1093=VERTEX_POINT('',#2942);
#1094=VERTEX_POINT('',#2944);
#1095=VERTEX_POINT('',#2951);
#1096=VERTEX_POINT('',#2953);
#1097=VERTEX_POINT('',#2960);
#1098=VERTEX_POINT('',#2961);
#1099=VERTEX_POINT('',#2968);
#1100=VERTEX_POINT('',#2969);
#1101=VERTEX_POINT('',#2974);
#1102=VERTEX_POINT('',#2976);
#1103=VERTEX_POINT('',#2981);
#1104=VERTEX_POINT('',#2983);
#1105=VERTEX_POINT('',#2992);
#1106=VERTEX_POINT('',#2994);
#1107=VERTEX_POINT('',#2998);
#1108=VERTEX_POINT('',#3002);
#1109=VERTEX_POINT('',#3006);
#1110=VERTEX_POINT('',#3007);
#1111=VERTEX_POINT('',#3009);
#1112=VERTEX_POINT('',#3011);
#1113=VERTEX_POINT('',#3020);
#1114=VERTEX_POINT('',#3024);
#1115=VERTEX_POINT('',#3028);
#1116=VERTEX_POINT('',#3031);
#1117=VERTEX_POINT('',#3035);
#1118=VERTEX_POINT('',#3038);
#1119=VERTEX_POINT('',#3042);
#1120=VERTEX_POINT('',#3043);
#1121=VERTEX_POINT('',#3045);
#1122=VERTEX_POINT('',#3047);
#1123=VERTEX_POINT('',#3051);
#1124=VERTEX_POINT('',#3053);
#1125=VERTEX_POINT('',#3057);
#1126=VERTEX_POINT('',#3059);
#1127=VERTEX_POINT('',#3063);
#1128=VERTEX_POINT('',#3065);
#1129=VERTEX_POINT('',#3069);
#1130=VERTEX_POINT('',#3071);
#1131=VERTEX_POINT('',#3075);
#1132=VERTEX_POINT('',#3077);
#1133=VERTEX_POINT('',#3081);
#1134=VERTEX_POINT('',#3083);
#1135=VERTEX_POINT('',#3087);
#1136=VERTEX_POINT('',#3089);
#1137=VERTEX_POINT('',#3093);
#1138=VERTEX_POINT('',#3095);
#1139=VERTEX_POINT('',#3099);
#1140=VERTEX_POINT('',#3101);
#1141=VERTEX_POINT('',#3113);
#1142=VERTEX_POINT('',#3115);
#1143=VERTEX_POINT('',#3119);
#1144=VERTEX_POINT('',#3121);
#1145=VERTEX_POINT('',#3125);
#1146=VERTEX_POINT('',#3127);
#1147=VERTEX_POINT('',#3129);
#1148=VERTEX_POINT('',#3131);
#1149=VERTEX_POINT('',#3135);
#1150=VERTEX_POINT('',#3137);
#1151=VERTEX_POINT('',#3139);
#1152=VERTEX_POINT('',#3141);
#1153=VERTEX_POINT('',#3154);
#1154=VERTEX_POINT('',#3155);
#1155=VERTEX_POINT('',#3157);
#1156=VERTEX_POINT('',#3159);
#1157=VERTEX_POINT('',#3163);
#1158=VERTEX_POINT('',#3165);
#1159=VERTEX_POINT('',#3169);
#1160=VERTEX_POINT('',#3171);
#1161=VERTEX_POINT('',#3175);
#1162=VERTEX_POINT('',#3177);
#1163=VERTEX_POINT('',#3181);
#1164=VERTEX_POINT('',#3183);
#1165=VERTEX_POINT('',#3187);
#1166=VERTEX_POINT('',#3189);
#1167=VERTEX_POINT('',#3193);
#1168=VERTEX_POINT('',#3195);
#1169=VERTEX_POINT('',#3199);
#1170=VERTEX_POINT('',#3201);
#1171=VERTEX_POINT('',#3205);
#1172=VERTEX_POINT('',#3207);
#1173=VERTEX_POINT('',#3211);
#1174=VERTEX_POINT('',#3213);
#1175=VERTEX_POINT('',#3225);
#1176=VERTEX_POINT('',#3227);
#1177=VERTEX_POINT('',#3231);
#1178=VERTEX_POINT('',#3233);
#1179=VERTEX_POINT('',#3237);
#1180=VERTEX_POINT('',#3239);
#1181=VERTEX_POINT('',#3241);
#1182=VERTEX_POINT('',#3243);
#1183=VERTEX_POINT('',#3247);
#1184=VERTEX_POINT('',#3249);
#1185=VERTEX_POINT('',#3251);
#1186=VERTEX_POINT('',#3253);
#1187=LINE('',#2723,#1365);
#1188=LINE('',#2728,#1366);
#1189=LINE('',#2735,#1367);
#1190=LINE('',#2743,#1368);
#1191=LINE('',#2750,#1369);
#1192=LINE('',#2755,#1370);
#1193=LINE('',#2757,#1371);
#1194=LINE('',#2759,#1372);
#1195=LINE('',#2761,#1373);
#1196=LINE('',#2764,#1374);
#1197=LINE('',#2766,#1375);
#1198=LINE('',#2768,#1376);
#1199=LINE('',#2770,#1377);
#1200=LINE('',#2775,#1378);
#1201=LINE('',#2777,#1379);
#1202=LINE('',#2779,#1380);
#1203=LINE('',#2781,#1381);
#1204=LINE('',#2784,#1382);
#1205=LINE('',#2786,#1383);
#1206=LINE('',#2788,#1384);
#1207=LINE('',#2789,#1385);
#1208=LINE('',#2792,#1386);
#1209=LINE('',#2794,#1387);
#1210=LINE('',#2796,#1388);
#1211=LINE('',#2797,#1389);
#1212=LINE('',#2800,#1390);
#1213=LINE('',#2802,#1391);
#1214=LINE('',#2804,#1392);
#1215=LINE('',#2806,#1393);
#1216=LINE('',#2808,#1394);
#1217=LINE('',#2810,#1395);
#1218=LINE('',#2812,#1396);
#1219=LINE('',#2814,#1397);
#1220=LINE('',#2817,#1398);
#1221=LINE('',#2819,#1399);
#1222=LINE('',#2821,#1400);
#1223=LINE('',#2822,#1401);
#1224=LINE('',#2825,#1402);
#1225=LINE('',#2827,#1403);
#1226=LINE('',#2829,#1404);
#1227=LINE('',#2830,#1405);
#1228=LINE('',#2833,#1406);
#1229=LINE('',#2835,#1407);
#1230=LINE('',#2837,#1408);
#1231=LINE('',#2839,#1409);
#1232=LINE('',#2841,#1410);
#1233=LINE('',#2843,#1411);
#1234=LINE('',#2845,#1412);
#1235=LINE('',#2847,#1413);
#1236=LINE('',#2860,#1414);
#1237=LINE('',#2869,#1415);
#1238=LINE('',#2876,#1416);
#1239=LINE('',#2883,#1417);
#1240=LINE('',#2885,#1418);
#1241=LINE('',#2893,#1419);
#1242=LINE('',#2894,#1420);
#1243=LINE('',#2896,#1421);
#1244=LINE('',#2898,#1422);
#1245=LINE('',#2902,#1423);
#1246=LINE('',#2906,#1424);
#1247=LINE('',#2911,#1425);
#1248=LINE('',#2913,#1426);
#1249=LINE('',#2915,#1427);
#1250=LINE('',#2916,#1428);
#1251=LINE('',#2920,#1429);
#1252=LINE('',#2924,#1430);
#1253=LINE('',#2926,#1431);
#1254=LINE('',#2927,#1432);
#1255=LINE('',#2929,#1433);
#1256=LINE('',#2930,#1434);
#1257=LINE('',#2932,#1435);
#1258=LINE('',#2933,#1436);
#1259=LINE('',#2935,#1437);
#1260=LINE('',#2936,#1438);
#1261=LINE('',#2938,#1439);
#1262=LINE('',#2943,#1440);
#1263=LINE('',#2947,#1441);
#1264=LINE('',#2948,#1442);
#1265=LINE('',#2952,#1443);
#1266=LINE('',#2959,#1444);
#1267=LINE('',#2962,#1445);
#1268=LINE('',#2965,#1446);
#1269=LINE('',#2967,#1447);
#1270=LINE('',#2977,#1448);
#1271=LINE('',#2978,#1449);
#1272=LINE('',#2982,#1450);
#1273=LINE('',#2986,#1451);
#1274=LINE('',#2988,#1452);
#1275=LINE('',#2997,#1453);
#1276=LINE('',#3001,#1454);
#1277=LINE('',#3008,#1455);
#1278=LINE('',#3012,#1456);
#1279=LINE('',#3044,#1457);
#1280=LINE('',#3048,#1458);
#1281=LINE('',#3050,#1459);
#1282=LINE('',#3052,#1460);
#1283=LINE('',#3054,#1461);
#1284=LINE('',#3058,#1462);
#1285=LINE('',#3062,#1463);
#1286=LINE('',#3064,#1464);
#1287=LINE('',#3066,#1465);
#1288=LINE('',#3070,#1466);
#1289=LINE('',#3074,#1467);
#1290=LINE('',#3076,#1468);
#1291=LINE('',#3078,#1469);
#1292=LINE('',#3080,#1470);
#1293=LINE('',#3082,#1471);
#1294=LINE('',#3084,#1472);
#1295=LINE('',#3086,#1473);
#1296=LINE('',#3088,#1474);
#1297=LINE('',#3090,#1475);
#1298=LINE('',#3092,#1476);
#1299=LINE('',#3094,#1477);
#1300=LINE('',#3096,#1478);
#1301=LINE('',#3100,#1479);
#1302=LINE('',#3104,#1480);
#1303=LINE('',#3105,#1481);
#1304=LINE('',#3107,#1482);
#1305=LINE('',#3108,#1483);
#1306=LINE('',#3112,#1484);
#1307=LINE('',#3114,#1485);
#1308=LINE('',#3116,#1486);
#1309=LINE('',#3120,#1487);
#1310=LINE('',#3124,#1488);
#1311=LINE('',#3126,#1489);
#1312=LINE('',#3128,#1490);
#1313=LINE('',#3130,#1491);
#1314=LINE('',#3136,#1492);
#1315=LINE('',#3138,#1493);
#1316=LINE('',#3140,#1494);
#1317=LINE('',#3142,#1495);
#1318=LINE('',#3144,#1496);
#1319=LINE('',#3146,#1497);
#1320=LINE('',#3148,#1498);
#1321=LINE('',#3150,#1499);
#1322=LINE('',#3156,#1500);
#1323=LINE('',#3160,#1501);
#1324=LINE('',#3162,#1502);
#1325=LINE('',#3164,#1503);
#1326=LINE('',#3166,#1504);
#1327=LINE('',#3170,#1505);
#1328=LINE('',#3174,#1506);
#1329=LINE('',#3176,#1507);
#1330=LINE('',#3178,#1508);
#1331=LINE('',#3182,#1509);
#1332=LINE('',#3186,#1510);
#1333=LINE('',#3188,#1511);
#1334=LINE('',#3190,#1512);
#1335=LINE('',#3192,#1513);
#1336=LINE('',#3194,#1514);
#1337=LINE('',#3196,#1515);
#1338=LINE('',#3198,#1516);
#1339=LINE('',#3200,#1517);
#1340=LINE('',#3202,#1518);
#1341=LINE('',#3204,#1519);
#1342=LINE('',#3206,#1520);
#1343=LINE('',#3208,#1521);
#1344=LINE('',#3212,#1522);
#1345=LINE('',#3216,#1523);
#1346=LINE('',#3217,#1524);
#1347=LINE('',#3219,#1525);
#1348=LINE('',#3220,#1526);
#1349=LINE('',#3224,#1527);
#1350=LINE('',#3226,#1528);
#1351=LINE('',#3228,#1529);
#1352=LINE('',#3232,#1530);
#1353=LINE('',#3236,#1531);
#1354=LINE('',#3238,#1532);
#1355=LINE('',#3240,#1533);
#1356=LINE('',#3242,#1534);
#1357=LINE('',#3248,#1535);
#1358=LINE('',#3250,#1536);
#1359=LINE('',#3252,#1537);
#1360=LINE('',#3254,#1538);
#1361=LINE('',#3256,#1539);
#1362=LINE('',#3258,#1540);
#1363=LINE('',#3260,#1541);
#1364=LINE('',#3262,#1542);
#1365=VECTOR('',#2145,1000.);
#1366=VECTOR('',#2148,1000.);
#1367=VECTOR('',#2151,1000.);
#1368=VECTOR('',#2152,1000.);
#1369=VECTOR('',#2155,1000.);
#1370=VECTOR('',#2158,1000.);
#1371=VECTOR('',#2159,1000.);
#1372=VECTOR('',#2160,1000.);
#1373=VECTOR('',#2163,1000.);
#1374=VECTOR('',#2164,1000.);
#1375=VECTOR('',#2165,1000.);
#1376=VECTOR('',#2166,1000.);
#1377=VECTOR('',#2169,1000.);
#1378=VECTOR('',#2172,1000.);
#1379=VECTOR('',#2173,1000.);
#1380=VECTOR('',#2174,1000.);
#1381=VECTOR('',#2177,1000.);
#1382=VECTOR('',#2178,1000.);
#1383=VECTOR('',#2179,1000.);
#1384=VECTOR('',#2180,1000.);
#1385=VECTOR('',#2181,1000.);
#1386=VECTOR('',#2182,1000.);
#1387=VECTOR('',#2183,1000.);
#1388=VECTOR('',#2184,1000.);
#1389=VECTOR('',#2185,1000.);
#1390=VECTOR('',#2186,1000.);
#1391=VECTOR('',#2187,1000.);
#1392=VECTOR('',#2188,1000.);
#1393=VECTOR('',#2189,1000.);
#1394=VECTOR('',#2190,1000.);
#1395=VECTOR('',#2191,1000.);
#1396=VECTOR('',#2192,1000.);
#1397=VECTOR('',#2195,1000.);
#1398=VECTOR('',#2196,1000.);
#1399=VECTOR('',#2197,1000.);
#1400=VECTOR('',#2198,1000.);
#1401=VECTOR('',#2199,1000.);
#1402=VECTOR('',#2200,1000.);
#1403=VECTOR('',#2201,1000.);
#1404=VECTOR('',#2202,1000.);
#1405=VECTOR('',#2203,1000.);
#1406=VECTOR('',#2204,1000.);
#1407=VECTOR('',#2205,1000.);
#1408=VECTOR('',#2206,1000.);
#1409=VECTOR('',#2207,1000.);
#1410=VECTOR('',#2208,1000.);
#1411=VECTOR('',#2209,1000.);
#1412=VECTOR('',#2210,1000.);
#1413=VECTOR('',#2213,1000.);
#1414=VECTOR('',#2220,1000.);
#1415=VECTOR('',#2223,1000.);
#1416=VECTOR('',#2230,1000.);
#1417=VECTOR('',#2237,1000.);
#1418=VECTOR('',#2238,1000.);
#1419=VECTOR('',#2247,1000.);
#1420=VECTOR('',#2248,1000.);
#1421=VECTOR('',#2249,1000.);
#1422=VECTOR('',#2250,1000.);
#1423=VECTOR('',#2253,1000.);
#1424=VECTOR('',#2256,1000.);
#1425=VECTOR('',#2261,1000.);
#1426=VECTOR('',#2262,1000.);
#1427=VECTOR('',#2263,1000.);
#1428=VECTOR('',#2264,1000.);
#1429=VECTOR('',#2267,1000.);
#1430=VECTOR('',#2270,1000.);
#1431=VECTOR('',#2273,1000.);
#1432=VECTOR('',#2274,1000.);
#1433=VECTOR('',#2277,1000.);
#1434=VECTOR('',#2278,1000.);
#1435=VECTOR('',#2281,1000.);
#1436=VECTOR('',#2282,1000.);
#1437=VECTOR('',#2285,1000.);
#1438=VECTOR('',#2286,1000.);
#1439=VECTOR('',#2289,1000.);
#1440=VECTOR('',#2292,1000.);
#1441=VECTOR('',#2297,1000.);
#1442=VECTOR('',#2298,1000.);
#1443=VECTOR('',#2303,1000.);
#1444=VECTOR('',#2306,1000.);
#1445=VECTOR('',#2307,1000.);
#1446=VECTOR('',#2312,1000.);
#1447=VECTOR('',#2315,1000.);
#1448=VECTOR('',#2326,1000.);
#1449=VECTOR('',#2327,1000.);
#1450=VECTOR('',#2332,1000.);
#1451=VECTOR('',#2337,1000.);
#1452=VECTOR('',#2340,1000.);
#1453=VECTOR('',#2353,1000.);
#1454=VECTOR('',#2358,1000.);
#1455=VECTOR('',#2365,1000.);
#1456=VECTOR('',#2368,1000.);
#1457=VECTOR('',#2415,1000.);
#1458=VECTOR('',#2418,1000.);
#1459=VECTOR('',#2421,1000.);
#1460=VECTOR('',#2422,1000.);
#1461=VECTOR('',#2423,1000.);
#1462=VECTOR('',#2428,1000.);
#1463=VECTOR('',#2433,1000.);
#1464=VECTOR('',#2434,1000.);
#1465=VECTOR('',#2435,1000.);
#1466=VECTOR('',#2440,1000.);
#1467=VECTOR('',#2445,1000.);
#1468=VECTOR('',#2446,1000.);
#1469=VECTOR('',#2447,1000.);
#1470=VECTOR('',#2450,1000.);
#1471=VECTOR('',#2451,1000.);
#1472=VECTOR('',#2452,1000.);
#1473=VECTOR('',#2455,1000.);
#1474=VECTOR('',#2456,1000.);
#1475=VECTOR('',#2457,1000.);
#1476=VECTOR('',#2460,1000.);
#1477=VECTOR('',#2461,1000.);
#1478=VECTOR('',#2462,1000.);
#1479=VECTOR('',#2467,1000.);
#1480=VECTOR('',#2472,1000.);
#1481=VECTOR('',#2473,1000.);
#1482=VECTOR('',#2476,1000.);
#1483=VECTOR('',#2477,1000.);
#1484=VECTOR('',#2484,1000.);
#1485=VECTOR('',#2485,1000.);
#1486=VECTOR('',#2486,1000.);
#1487=VECTOR('',#2491,1000.);
#1488=VECTOR('',#2496,1000.);
#1489=VECTOR('',#2497,1000.);
#1490=VECTOR('',#2498,1000.);
#1491=VECTOR('',#2499,1000.);
#1492=VECTOR('',#2506,1000.);
#1493=VECTOR('',#2507,1000.);
#1494=VECTOR('',#2508,1000.);
#1495=VECTOR('',#2509,1000.);
#1496=VECTOR('',#2512,1000.);
#1497=VECTOR('',#2515,1000.);
#1498=VECTOR('',#2518,1000.);
#1499=VECTOR('',#2521,1000.);
#1500=VECTOR('',#2528,1000.);
#1501=VECTOR('',#2531,1000.);
#1502=VECTOR('',#2534,1000.);
#1503=VECTOR('',#2535,1000.);
#1504=VECTOR('',#2536,1000.);
#1505=VECTOR('',#2541,1000.);
#1506=VECTOR('',#2546,1000.);
#1507=VECTOR('',#2547,1000.);
#1508=VECTOR('',#2548,1000.);
#1509=VECTOR('',#2553,1000.);
#1510=VECTOR('',#2558,1000.);
#1511=VECTOR('',#2559,1000.);
#1512=VECTOR('',#2560,1000.);
#1513=VECTOR('',#2563,1000.);
#1514=VECTOR('',#2564,1000.);
#1515=VECTOR('',#2565,1000.);
#1516=VECTOR('',#2568,1000.);
#1517=VECTOR('',#2569,1000.);
#1518=VECTOR('',#2570,1000.);
#1519=VECTOR('',#2573,1000.);
#1520=VECTOR('',#2574,1000.);
#1521=VECTOR('',#2575,1000.);
#1522=VECTOR('',#2580,1000.);
#1523=VECTOR('',#2585,1000.);
#1524=VECTOR('',#2586,1000.);
#1525=VECTOR('',#2589,1000.);
#1526=VECTOR('',#2590,1000.);
#1527=VECTOR('',#2597,1000.);
#1528=VECTOR('',#2598,1000.);
#1529=VECTOR('',#2599,1000.);
#1530=VECTOR('',#2604,1000.);
#1531=VECTOR('',#2609,1000.);
#1532=VECTOR('',#2610,1000.);
#1533=VECTOR('',#2611,1000.);
#1534=VECTOR('',#2612,1000.);
#1535=VECTOR('',#2619,1000.);
#1536=VECTOR('',#2620,1000.);
#1537=VECTOR('',#2621,1000.);
#1538=VECTOR('',#2622,1000.);
#1539=VECTOR('',#2625,1000.);
#1540=VECTOR('',#2628,1000.);
#1541=VECTOR('',#2631,1000.);
#1542=VECTOR('',#2634,1000.);
#1543=EDGE_LOOP('',(#187,#188,#189,#190));
#1544=EDGE_LOOP('',(#191,#192,#193,#194));
#1545=EDGE_LOOP('',(#195,#196,#197,#198,#199));
#1546=EDGE_LOOP('',(#200,#201,#202,#203));
#1547=EDGE_LOOP('',(#204,#205,#206,#207,#208));
#1548=EDGE_LOOP('',(#209,#210,#211,#212));
#1549=EDGE_LOOP('',(#213,#214,#215,#216));
#1550=EDGE_LOOP('',(#217,#218,#219,#220,#221,#222,#223,#224));
#1551=EDGE_LOOP('',(#225,#226,#227,#228));
#1552=EDGE_LOOP('',(#229,#230,#231,#232));
#1553=EDGE_LOOP('',(#233,#234,#235,#236,#237,#238,#239,#240));
#1554=EDGE_LOOP('',(#241,#242,#243,#244));
#1555=EDGE_LOOP('',(#245,#246,#247,#248));
#1556=EDGE_LOOP('',(#249,#250,#251,#252,#253,#254,#255,#256,#257,#258,#259,
#260,#261,#262,#263,#264));
#1557=EDGE_LOOP('',(#265,#266,#267,#268,#269,#270,#271,#272,#273,#274));
#1558=EDGE_LOOP('',(#275,#276,#277,#278,#279,#280,#281,#282,#283,#284));
#1559=EDGE_LOOP('',(#285,#286,#287,#288));
#1560=EDGE_LOOP('',(#289,#290,#291,#292));
#1561=EDGE_LOOP('',(#293,#294,#295,#296));
#1562=EDGE_LOOP('',(#297,#298,#299,#300));
#1563=EDGE_LOOP('',(#301,#302,#303,#304));
#1564=EDGE_LOOP('',(#305,#306,#307,#308,#309,#310,#311,#312,#313,#314,#315,
#316));
#1565=EDGE_LOOP('',(#317,#318,#319,#320));
#1566=EDGE_LOOP('',(#321,#322,#323,#324,#325,#326,#327,#328));
#1567=EDGE_LOOP('',(#329,#330,#331,#332));
#1568=EDGE_LOOP('',(#333));
#1569=EDGE_LOOP('',(#334));
#1570=EDGE_LOOP('',(#335,#336,#337,#338));
#1571=EDGE_LOOP('',(#339,#340,#341,#342,#343,#344,#345,#346));
#1572=EDGE_LOOP('',(#347,#348,#349,#350,#351));
#1573=EDGE_LOOP('',(#352,#353,#354,#355));
#1574=EDGE_LOOP('',(#356,#357,#358,#359,#360));
#1575=EDGE_LOOP('',(#361,#362,#363,#364,#365,#366,#367));
#1576=EDGE_LOOP('',(#368,#369,#370,#371));
#1577=EDGE_LOOP('',(#372,#373,#374,#375));
#1578=EDGE_LOOP('',(#376,#377,#378,#379));
#1579=EDGE_LOOP('',(#380,#381,#382,#383,#384,#385,#386));
#1580=EDGE_LOOP('',(#387,#388,#389,#390));
#1581=EDGE_LOOP('',(#391));
#1582=EDGE_LOOP('',(#392,#393,#394,#395));
#1583=EDGE_LOOP('',(#396));
#1584=EDGE_LOOP('',(#397));
#1585=EDGE_LOOP('',(#398,#399,#400,#401));
#1586=EDGE_LOOP('',(#402));
#1587=EDGE_LOOP('',(#403));
#1588=EDGE_LOOP('',(#404));
#1589=EDGE_LOOP('',(#405));
#1590=EDGE_LOOP('',(#406));
#1591=EDGE_LOOP('',(#407));
#1592=EDGE_LOOP('',(#408));
#1593=EDGE_LOOP('',(#409));
#1594=EDGE_LOOP('',(#410));
#1595=EDGE_LOOP('',(#411));
#1596=EDGE_LOOP('',(#412));
#1597=EDGE_LOOP('',(#413,#414,#415,#416));
#1598=EDGE_LOOP('',(#417,#418,#419,#420));
#1599=EDGE_LOOP('',(#421,#422,#423,#424));
#1600=EDGE_LOOP('',(#425,#426,#427,#428));
#1601=EDGE_LOOP('',(#429,#430,#431,#432));
#1602=EDGE_LOOP('',(#433,#434,#435,#436));
#1603=EDGE_LOOP('',(#437,#438,#439,#440));
#1604=EDGE_LOOP('',(#441,#442,#443,#444));
#1605=EDGE_LOOP('',(#445,#446,#447,#448));
#1606=EDGE_LOOP('',(#449,#450,#451,#452));
#1607=EDGE_LOOP('',(#453,#454,#455,#456,#457,#458,#459,#460,#461,#462,#463,
#464,#465));
#1608=EDGE_LOOP('',(#466,#467,#468,#469,#470,#471,#472,#473,#474,#475,#476,
#477,#478));
#1609=EDGE_LOOP('',(#479,#480,#481,#482));
#1610=EDGE_LOOP('',(#483,#484,#485,#486));
#1611=EDGE_LOOP('',(#487,#488,#489,#490));
#1612=EDGE_LOOP('',(#491,#492,#493,#494));
#1613=EDGE_LOOP('',(#495,#496,#497,#498,#499,#500,#501,#502));
#1614=EDGE_LOOP('',(#503,#504,#505,#506,#507,#508,#509,#510));
#1615=EDGE_LOOP('',(#511,#512,#513,#514));
#1616=EDGE_LOOP('',(#515,#516,#517,#518));
#1617=EDGE_LOOP('',(#519,#520,#521,#522));
#1618=EDGE_LOOP('',(#523,#524,#525,#526));
#1619=EDGE_LOOP('',(#527,#528,#529,#530));
#1620=EDGE_LOOP('',(#531,#532,#533,#534));
#1621=EDGE_LOOP('',(#535,#536,#537,#538));
#1622=EDGE_LOOP('',(#539,#540,#541,#542));
#1623=EDGE_LOOP('',(#543,#544,#545,#546));
#1624=EDGE_LOOP('',(#547,#548,#549,#550));
#1625=EDGE_LOOP('',(#551,#552,#553,#554));
#1626=EDGE_LOOP('',(#555,#556,#557,#558));
#1627=EDGE_LOOP('',(#559,#560,#561,#562));
#1628=EDGE_LOOP('',(#563,#564,#565,#566));
#1629=EDGE_LOOP('',(#567,#568,#569,#570));
#1630=EDGE_LOOP('',(#571,#572,#573,#574,#575,#576,#577,#578,#579,#580,#581,
#582,#583));
#1631=EDGE_LOOP('',(#584,#585,#586,#587,#588,#589,#590,#591,#592,#593,#594,
#595,#596));
#1632=EDGE_LOOP('',(#597,#598,#599,#600));
#1633=EDGE_LOOP('',(#601,#602,#603,#604));
#1634=EDGE_LOOP('',(#605,#606,#607,#608));
#1635=EDGE_LOOP('',(#609,#610,#611,#612));
#1636=EDGE_LOOP('',(#613,#614,#615,#616,#617,#618,#619,#620));
#1637=EDGE_LOOP('',(#621,#622,#623,#624,#625,#626,#627,#628));
#1638=EDGE_LOOP('',(#629,#630,#631,#632));
#1639=EDGE_LOOP('',(#633,#634,#635,#636));
#1640=EDGE_LOOP('',(#637,#638,#639,#640));
#1641=EDGE_LOOP('',(#641,#642,#643,#644));
#1642=EDGE_LOOP('',(#645,#646,#647,#648));
#1643=EDGE_LOOP('',(#649,#650,#651,#652));
#1644=EDGE_LOOP('',(#653,#654,#655));
#1645=EDGE_LOOP('',(#656,#657,#658,#659));
#1646=EDGE_LOOP('',(#660,#661,#662,#663));
#1647=EDGE_LOOP('',(#664,#665,#666,#667));
#1648=EDGE_LOOP('',(#668,#669,#670,#671));
#1649=EDGE_LOOP('',(#672,#673,#674,#675));
#1650=EDGE_LOOP('',(#676,#677,#678,#679));
#1651=EDGE_LOOP('',(#680,#681,#682,#683));
#1652=EDGE_LOOP('',(#684,#685,#686,#687));
#1653=EDGE_LOOP('',(#688,#689,#690,#691));
#1654=EDGE_LOOP('',(#692,#693,#694,#695));
#1655=EDGE_LOOP('',(#696,#697,#698,#699));
#1656=EDGE_LOOP('',(#700,#701,#702,#703));
#1657=EDGE_LOOP('',(#704,#705,#706,#707));
#1658=EDGE_LOOP('',(#708,#709,#710,#711));
#1659=EDGE_LOOP('',(#712,#713,#714,#715));
#1660=EDGE_LOOP('',(#716,#717,#718,#719));
#1661=EDGE_LOOP('',(#720,#721,#722,#723));
#1662=EDGE_LOOP('',(#724,#725,#726,#727));
#1663=EDGE_LOOP('',(#728,#729,#730));
#1664=EDGE_LOOP('',(#731,#732,#733,#734));
#1665=FACE_BOUND('',#1543,.T.);
#1666=FACE_BOUND('',#1544,.T.);
#1667=FACE_BOUND('',#1545,.T.);
#1668=FACE_BOUND('',#1546,.T.);
#1669=FACE_BOUND('',#1547,.T.);
#1670=FACE_BOUND('',#1548,.T.);
#1671=FACE_BOUND('',#1549,.T.);
#1672=FACE_BOUND('',#1550,.T.);
#1673=FACE_BOUND('',#1551,.T.);
#1674=FACE_BOUND('',#1552,.T.);
#1675=FACE_BOUND('',#1553,.T.);
#1676=FACE_BOUND('',#1554,.T.);
#1677=FACE_BOUND('',#1555,.T.);
#1678=FACE_BOUND('',#1556,.T.);
#1679=FACE_BOUND('',#1557,.T.);
#1680=FACE_BOUND('',#1558,.T.);
#1681=FACE_BOUND('',#1559,.T.);
#1682=FACE_BOUND('',#1560,.T.);
#1683=FACE_BOUND('',#1561,.T.);
#1684=FACE_BOUND('',#1562,.T.);
#1685=FACE_BOUND('',#1563,.T.);
#1686=FACE_BOUND('',#1564,.T.);
#1687=FACE_BOUND('',#1565,.T.);
#1688=FACE_BOUND('',#1566,.T.);
#1689=FACE_BOUND('',#1567,.T.);
#1690=FACE_BOUND('',#1568,.T.);
#1691=FACE_BOUND('',#1569,.T.);
#1692=FACE_BOUND('',#1570,.T.);
#1693=FACE_BOUND('',#1571,.T.);
#1694=FACE_BOUND('',#1572,.T.);
#1695=FACE_BOUND('',#1573,.T.);
#1696=FACE_BOUND('',#1574,.T.);
#1697=FACE_BOUND('',#1575,.T.);
#1698=FACE_BOUND('',#1576,.T.);
#1699=FACE_BOUND('',#1577,.T.);
#1700=FACE_BOUND('',#1578,.T.);
#1701=FACE_BOUND('',#1579,.T.);
#1702=FACE_BOUND('',#1580,.T.);
#1703=FACE_BOUND('',#1581,.T.);
#1704=FACE_BOUND('',#1582,.T.);
#1705=FACE_BOUND('',#1583,.T.);
#1706=FACE_BOUND('',#1584,.T.);
#1707=FACE_BOUND('',#1585,.T.);
#1708=FACE_BOUND('',#1586,.T.);
#1709=FACE_BOUND('',#1587,.T.);
#1710=FACE_BOUND('',#1588,.T.);
#1711=FACE_BOUND('',#1589,.T.);
#1712=FACE_BOUND('',#1590,.T.);
#1713=FACE_BOUND('',#1591,.T.);
#1714=FACE_BOUND('',#1592,.T.);
#1715=FACE_BOUND('',#1593,.T.);
#1716=FACE_BOUND('',#1594,.T.);
#1717=FACE_BOUND('',#1595,.T.);
#1718=FACE_BOUND('',#1596,.T.);
#1719=FACE_BOUND('',#1597,.T.);
#1720=FACE_BOUND('',#1598,.T.);
#1721=FACE_BOUND('',#1599,.T.);
#1722=FACE_BOUND('',#1600,.T.);
#1723=FACE_BOUND('',#1601,.T.);
#1724=FACE_BOUND('',#1602,.T.);
#1725=FACE_BOUND('',#1603,.T.);
#1726=FACE_BOUND('',#1604,.T.);
#1727=FACE_BOUND('',#1605,.T.);
#1728=FACE_BOUND('',#1606,.T.);
#1729=FACE_BOUND('',#1607,.T.);
#1730=FACE_BOUND('',#1608,.T.);
#1731=FACE_BOUND('',#1609,.T.);
#1732=FACE_BOUND('',#1610,.T.);
#1733=FACE_BOUND('',#1611,.T.);
#1734=FACE_BOUND('',#1612,.T.);
#1735=FACE_BOUND('',#1613,.T.);
#1736=FACE_BOUND('',#1614,.T.);
#1737=FACE_BOUND('',#1615,.T.);
#1738=FACE_BOUND('',#1616,.T.);
#1739=FACE_BOUND('',#1617,.T.);
#1740=FACE_BOUND('',#1618,.T.);
#1741=FACE_BOUND('',#1619,.T.);
#1742=FACE_BOUND('',#1620,.T.);
#1743=FACE_BOUND('',#1621,.T.);
#1744=FACE_BOUND('',#1622,.T.);
#1745=FACE_BOUND('',#1623,.T.);
#1746=FACE_BOUND('',#1624,.T.);
#1747=FACE_BOUND('',#1625,.T.);
#1748=FACE_BOUND('',#1626,.T.);
#1749=FACE_BOUND('',#1627,.T.);
#1750=FACE_BOUND('',#1628,.T.);
#1751=FACE_BOUND('',#1629,.T.);
#1752=FACE_BOUND('',#1630,.T.);
#1753=FACE_BOUND('',#1631,.T.);
#1754=FACE_BOUND('',#1632,.T.);
#1755=FACE_BOUND('',#1633,.T.);
#1756=FACE_BOUND('',#1634,.T.);
#1757=FACE_BOUND('',#1635,.T.);
#1758=FACE_BOUND('',#1636,.T.);
#1759=FACE_BOUND('',#1637,.T.);
#1760=FACE_BOUND('',#1638,.T.);
#1761=FACE_BOUND('',#1639,.T.);
#1762=FACE_BOUND('',#1640,.T.);
#1763=FACE_BOUND('',#1641,.T.);
#1764=FACE_BOUND('',#1642,.T.);
#1765=FACE_BOUND('',#1643,.T.);
#1766=FACE_BOUND('',#1644,.T.);
#1767=FACE_BOUND('',#1645,.T.);
#1768=FACE_BOUND('',#1646,.T.);
#1769=FACE_BOUND('',#1647,.T.);
#1770=FACE_BOUND('',#1648,.T.);
#1771=FACE_BOUND('',#1649,.T.);
#1772=FACE_BOUND('',#1650,.T.);
#1773=FACE_BOUND('',#1651,.T.);
#1774=FACE_BOUND('',#1652,.T.);
#1775=FACE_BOUND('',#1653,.T.);
#1776=FACE_BOUND('',#1654,.T.);
#1777=FACE_BOUND('',#1655,.T.);
#1778=FACE_BOUND('',#1656,.T.);
#1779=FACE_BOUND('',#1657,.T.);
#1780=FACE_BOUND('',#1658,.T.);
#1781=FACE_BOUND('',#1659,.T.);
#1782=FACE_BOUND('',#1660,.T.);
#1783=FACE_BOUND('',#1661,.T.);
#1784=FACE_BOUND('',#1662,.T.);
#1785=FACE_BOUND('',#1663,.T.);
#1786=FACE_BOUND('',#1664,.T.);
#1787=CYLINDRICAL_SURFACE('',#1941,0.500000000000004);
#1788=CYLINDRICAL_SURFACE('',#1943,0.500000000000004);
#1789=CYLINDRICAL_SURFACE('',#1951,0.2);
#1790=CYLINDRICAL_SURFACE('',#1953,0.2);
#1791=CYLINDRICAL_SURFACE('',#1976,0.999999999999997);
#1792=CYLINDRICAL_SURFACE('',#1980,0.500000000000004);
#1793=CYLINDRICAL_SURFACE('',#1985,0.5);
#1794=CYLINDRICAL_SURFACE('',#1994,2.2);
#1795=CYLINDRICAL_SURFACE('',#1996,2.19999999999999);
#1796=CYLINDRICAL_SURFACE('',#2001,0.249999999999999);
#1797=CYLINDRICAL_SURFACE('',#2003,2.20000000000003);
#1798=CYLINDRICAL_SURFACE('',#2005,2.20000000000001);
#1799=CYLINDRICAL_SURFACE('',#2011,0.25);
#1800=CYLINDRICAL_SURFACE('',#2013,0.8);
#1801=CYLINDRICAL_SURFACE('',#2016,0.8);
#1802=CYLINDRICAL_SURFACE('',#2021,0.55);
#1803=CYLINDRICAL_SURFACE('',#2026,0.55);
#1804=CYLINDRICAL_SURFACE('',#2029,1.24999999999998);
#1805=CYLINDRICAL_SURFACE('',#2033,0.250000000000004);
#1806=CYLINDRICAL_SURFACE('',#2037,0.5);
#1807=CYLINDRICAL_SURFACE('',#2044,0.250000000000001);
#1808=CYLINDRICAL_SURFACE('',#2052,0.250000000000004);
#1809=CYLINDRICAL_SURFACE('',#2063,0.500000000000001);
#1810=CYLINDRICAL_SURFACE('',#2064,1.24999999999998);
#1811=CYLINDRICAL_SURFACE('',#2068,0.250000000000004);
#1812=CYLINDRICAL_SURFACE('',#2072,0.5);
#1813=CYLINDRICAL_SURFACE('',#2079,0.250000000000001);
#1814=CYLINDRICAL_SURFACE('',#2087,0.250000000000004);
#1815=CYLINDRICAL_SURFACE('',#2098,0.500000000000001);
#1816=CYLINDRICAL_SURFACE('',#2099,0.2);
#1817=CYLINDRICAL_SURFACE('',#2107,0.2);
#1818=CYLINDRICAL_SURFACE('',#2111,0.2);
#1819=CYLINDRICAL_SURFACE('',#2115,0.2);
#1820=CYLINDRICAL_SURFACE('',#2119,0.2);
#1821=CYLINDRICAL_SURFACE('',#2120,0.2);
#1822=CYLINDRICAL_SURFACE('',#2124,0.2);
#1823=CYLINDRICAL_SURFACE('',#2128,0.2);
#1824=CYLINDRICAL_SURFACE('',#2132,0.2);
#1825=CYLINDRICAL_SURFACE('',#2140,0.2);
#1826=ADVANCED_FACE('',(#1665),#1787,.T.);
#1827=ADVANCED_FACE('',(#1666),#1788,.T.);
#1828=ADVANCED_FACE('',(#1667),#36,.F.);
#1829=ADVANCED_FACE('',(#1668),#37,.F.);
#1830=ADVANCED_FACE('',(#1669),#38,.F.);
#1831=ADVANCED_FACE('',(#1670,#1671,#1672),#39,.F.);
#1832=ADVANCED_FACE('',(#1673,#1674,#1675),#40,.F.);
#1833=ADVANCED_FACE('',(#1676),#1789,.T.);
#1834=ADVANCED_FACE('',(#1677),#1790,.T.);
#1835=ADVANCED_FACE('',(#1678),#41,.F.);
#1836=ADVANCED_FACE('',(#1679),#42,.T.);
#1837=ADVANCED_FACE('',(#1680),#43,.F.);
#1838=ADVANCED_FACE('',(#1681),#44,.F.);
#1839=ADVANCED_FACE('',(#1682),#45,.F.);
#1840=ADVANCED_FACE('',(#1683),#46,.F.);
#1841=ADVANCED_FACE('',(#1684),#47,.F.);
#1842=ADVANCED_FACE('',(#1685),#1791,.T.);
#1843=ADVANCED_FACE('',(#1686),#48,.F.);
#1844=ADVANCED_FACE('',(#1687),#1792,.T.);
#1845=ADVANCED_FACE('',(#1688),#49,.F.);
#1846=ADVANCED_FACE('',(#1689),#1793,.T.);
#1847=ADVANCED_FACE('',(#1690,#1691,#1692),#50,.F.);
#1848=ADVANCED_FACE('',(#1693),#51,.T.);
#1849=ADVANCED_FACE('',(#1694),#1794,.T.);
#1850=ADVANCED_FACE('',(#1695),#52,.F.);
#1851=ADVANCED_FACE('',(#1696),#1795,.T.);
#1852=ADVANCED_FACE('',(#1697),#53,.T.);
#1853=ADVANCED_FACE('',(#1698),#1796,.T.);
#1854=ADVANCED_FACE('',(#1699),#1797,.T.);
#1855=ADVANCED_FACE('',(#1700),#1798,.T.);
#1856=ADVANCED_FACE('',(#1701),#54,.T.);
#1857=ADVANCED_FACE('',(#1702),#1799,.T.);
#1858=ADVANCED_FACE('',(#1703,#1704),#1800,.F.);
#1859=ADVANCED_FACE('',(#1705),#55,.T.);
#1860=ADVANCED_FACE('',(#1706,#1707),#1801,.F.);
#1861=ADVANCED_FACE('',(#1708),#56,.T.);
#1862=ADVANCED_FACE('',(#1709,#1710),#24,.T.);
#1863=ADVANCED_FACE('',(#1711,#1712),#1802,.F.);
#1864=ADVANCED_FACE('',(#1713),#57,.T.);
#1865=ADVANCED_FACE('',(#1714,#1715),#25,.T.);
#1866=ADVANCED_FACE('',(#1716,#1717),#1803,.F.);
#1867=ADVANCED_FACE('',(#1718),#58,.T.);
#1868=ADVANCED_FACE('',(#1719),#1804,.T.);
#1869=ADVANCED_FACE('',(#1720),#59,.F.);
#1870=ADVANCED_FACE('',(#1721),#1805,.F.);
#1871=ADVANCED_FACE('',(#1722),#60,.F.);
#1872=ADVANCED_FACE('',(#1723),#1806,.T.);
#1873=ADVANCED_FACE('',(#1724),#61,.F.);
#1874=ADVANCED_FACE('',(#1725),#62,.F.);
#1875=ADVANCED_FACE('',(#1726),#63,.F.);
#1876=ADVANCED_FACE('',(#1727),#64,.F.);
#1877=ADVANCED_FACE('',(#1728),#1807,.F.);
#1878=ADVANCED_FACE('',(#1729),#65,.T.);
#1879=ADVANCED_FACE('',(#1730),#66,.F.);
#1880=ADVANCED_FACE('',(#1731),#67,.F.);
#1881=ADVANCED_FACE('',(#1732),#68,.F.);
#1882=ADVANCED_FACE('',(#1733),#69,.F.);
#1883=ADVANCED_FACE('',(#1734),#1808,.F.);
#1884=ADVANCED_FACE('',(#1735),#70,.T.);
#1885=ADVANCED_FACE('',(#1736),#71,.F.);
#1886=ADVANCED_FACE('',(#1737),#72,.F.);
#1887=ADVANCED_FACE('',(#1738),#73,.F.);
#1888=ADVANCED_FACE('',(#1739),#74,.F.);
#1889=ADVANCED_FACE('',(#1740),#75,.F.);
#1890=ADVANCED_FACE('',(#1741),#1809,.T.);
#1891=ADVANCED_FACE('',(#1742),#1810,.T.);
#1892=ADVANCED_FACE('',(#1743),#76,.F.);
#1893=ADVANCED_FACE('',(#1744),#1811,.F.);
#1894=ADVANCED_FACE('',(#1745),#77,.F.);
#1895=ADVANCED_FACE('',(#1746),#1812,.T.);
#1896=ADVANCED_FACE('',(#1747),#78,.F.);
#1897=ADVANCED_FACE('',(#1748),#79,.F.);
#1898=ADVANCED_FACE('',(#1749),#80,.F.);
#1899=ADVANCED_FACE('',(#1750),#81,.F.);
#1900=ADVANCED_FACE('',(#1751),#1813,.F.);
#1901=ADVANCED_FACE('',(#1752),#82,.T.);
#1902=ADVANCED_FACE('',(#1753),#83,.F.);
#1903=ADVANCED_FACE('',(#1754),#84,.F.);
#1904=ADVANCED_FACE('',(#1755),#85,.F.);
#1905=ADVANCED_FACE('',(#1756),#86,.F.);
#1906=ADVANCED_FACE('',(#1757),#1814,.F.);
#1907=ADVANCED_FACE('',(#1758),#87,.T.);
#1908=ADVANCED_FACE('',(#1759),#88,.F.);
#1909=ADVANCED_FACE('',(#1760),#89,.F.);
#1910=ADVANCED_FACE('',(#1761),#90,.F.);
#1911=ADVANCED_FACE('',(#1762),#91,.F.);
#1912=ADVANCED_FACE('',(#1763),#92,.F.);
#1913=ADVANCED_FACE('',(#1764),#1815,.T.);
#1914=ADVANCED_FACE('',(#1765),#1816,.T.);
#1915=ADVANCED_FACE('',(#1766),#22,.T.);
#1916=ADVANCED_FACE('',(#1767),#26,.T.);
#1917=ADVANCED_FACE('',(#1768),#20,.T.);
#1918=ADVANCED_FACE('',(#1769),#1817,.T.);
#1919=ADVANCED_FACE('',(#1770),#27,.T.);
#1920=ADVANCED_FACE('',(#1771),#1818,.T.);
#1921=ADVANCED_FACE('',(#1772),#28,.T.);
#1922=ADVANCED_FACE('',(#1773),#1819,.T.);
#1923=ADVANCED_FACE('',(#1774),#29,.T.);
#1924=ADVANCED_FACE('',(#1775),#1820,.T.);
#1925=ADVANCED_FACE('',(#1776),#1821,.T.);
#1926=ADVANCED_FACE('',(#1777),#30,.T.);
#1927=ADVANCED_FACE('',(#1778),#1822,.T.);
#1928=ADVANCED_FACE('',(#1779),#31,.T.);
#1929=ADVANCED_FACE('',(#1780),#1823,.T.);
#1930=ADVANCED_FACE('',(#1781),#32,.T.);
#1931=ADVANCED_FACE('',(#1782),#1824,.T.);
#1932=ADVANCED_FACE('',(#1783),#21,.T.);
#1933=ADVANCED_FACE('',(#1784),#33,.T.);
#1934=ADVANCED_FACE('',(#1785),#23,.T.);
#1935=ADVANCED_FACE('',(#1786),#1825,.T.);
#1936=CLOSED_SHELL('',(#1826,#1827,#1828,#1829,#1830,#1831,#1832,#1833,
#1834,#1835,#1836,#1837,#1838,#1839,#1840,#1841,#1842,#1843,#1844,#1845,
#1846,#1847,#1848,#1849,#1850,#1851,#1852,#1853,#1854,#1855,#1856,#1857,
#1858,#1859,#1860,#1861,#1862,#1863,#1864,#1865,#1866,#1867,#1868,#1869,
#1870,#1871,#1872,#1873,#1874,#1875,#1876,#1877,#1878,#1879,#1880,#1881,
#1882,#1883,#1884,#1885,#1886,#1887,#1888,#1889,#1890,#1891,#1892,#1893,
#1894,#1895,#1896,#1897,#1898,#1899,#1900,#1901,#1902,#1903,#1904,#1905,
#1906,#1907,#1908,#1909,#1910,#1911,#1912,#1913,#1914,#1915,#1916,#1917,
#1918,#1919,#1920,#1921,#1922,#1923,#1924,#1925,#1926,#1927,#1928,#1929,
#1930,#1931,#1932,#1933,#1934,#1935));
#1937=MANIFOLD_SOLID_BREP('2059-302/998-403',#1936);
#1938=SHAPE_DEFINITION_REPRESENTATION(#3311,#1939);
#1939=SHAPE_REPRESENTATION('2059-302/998-403',(#1940),#3306);
#1940=AXIS2_PLACEMENT_3D('',#2721,#2141,#2142);
#1941=AXIS2_PLACEMENT_3D('',#2722,#2143,#2144);
#1942=AXIS2_PLACEMENT_3D('',#2726,#2146,#2147);
#1943=AXIS2_PLACEMENT_3D('',#2734,#2149,#2150);
#1944=AXIS2_PLACEMENT_3D('',#2749,#2153,#2154);
#1945=AXIS2_PLACEMENT_3D('',#2753,#2156,#2157);
#1946=AXIS2_PLACEMENT_3D('',#2760,#2161,#2162);
#1947=AXIS2_PLACEMENT_3D('',#2769,#2167,#2168);
#1948=AXIS2_PLACEMENT_3D('',#2773,#2170,#2171);
#1949=AXIS2_PLACEMENT_3D('',#2780,#2175,#2176);
#1950=AXIS2_PLACEMENT_3D('',#2813,#2193,#2194);
#1951=AXIS2_PLACEMENT_3D('',#2846,#2211,#2212);
#1952=AXIS2_PLACEMENT_3D('',#2850,#2214,#2215);
#1953=AXIS2_PLACEMENT_3D('',#2857,#2216,#2217);
#1954=AXIS2_PLACEMENT_3D('',#2858,#2218,#2219);
#1955=AXIS2_PLACEMENT_3D('',#2868,#2221,#2222);
#1956=AXIS2_PLACEMENT_3D('',#2871,#2224,#2225);
#1957=AXIS2_PLACEMENT_3D('',#2873,#2226,#2227);
#1958=AXIS2_PLACEMENT_3D('',#2874,#2228,#2229);
#1959=AXIS2_PLACEMENT_3D('',#2878,#2231,#2232);
#1960=AXIS2_PLACEMENT_3D('',#2879,#2233,#2234);
#1961=AXIS2_PLACEMENT_3D('',#2881,#2235,#2236);
#1962=AXIS2_PLACEMENT_3D('',#2887,#2239,#2240);
#1963=AXIS2_PLACEMENT_3D('',#2888,#2241,#2242);
#1964=AXIS2_PLACEMENT_3D('',#2889,#2243,#2244);
#1965=AXIS2_PLACEMENT_3D('',#2890,#2245,#2246);
#1966=AXIS2_PLACEMENT_3D('',#2900,#2251,#2252);
#1967=AXIS2_PLACEMENT_3D('',#2904,#2254,#2255);
#1968=AXIS2_PLACEMENT_3D('',#2907,#2257,#2258);
#1969=AXIS2_PLACEMENT_3D('',#2908,#2259,#2260);
#1970=AXIS2_PLACEMENT_3D('',#2918,#2265,#2266);
#1971=AXIS2_PLACEMENT_3D('',#2922,#2268,#2269);
#1972=AXIS2_PLACEMENT_3D('',#2925,#2271,#2272);
#1973=AXIS2_PLACEMENT_3D('',#2928,#2275,#2276);
#1974=AXIS2_PLACEMENT_3D('',#2931,#2279,#2280);
#1975=AXIS2_PLACEMENT_3D('',#2934,#2283,#2284);
#1976=AXIS2_PLACEMENT_3D('',#2937,#2287,#2288);
#1977=AXIS2_PLACEMENT_3D('',#2941,#2290,#2291);
#1978=AXIS2_PLACEMENT_3D('',#2945,#2293,#2294);
#1979=AXIS2_PLACEMENT_3D('',#2946,#2295,#2296);
#1980=AXIS2_PLACEMENT_3D('',#2949,#2299,#2300);
#1981=AXIS2_PLACEMENT_3D('',#2950,#2301,#2302);
#1982=AXIS2_PLACEMENT_3D('',#2958,#2304,#2305);
#1983=AXIS2_PLACEMENT_3D('',#2963,#2308,#2309);
#1984=AXIS2_PLACEMENT_3D('',#2964,#2310,#2311);
#1985=AXIS2_PLACEMENT_3D('',#2966,#2313,#2314);
#1986=AXIS2_PLACEMENT_3D('',#2970,#2316,#2317);
#1987=AXIS2_PLACEMENT_3D('',#2971,#2318,#2319);
#1988=AXIS2_PLACEMENT_3D('',#2972,#2320,#2321);
#1989=AXIS2_PLACEMENT_3D('',#2973,#2322,#2323);
#1990=AXIS2_PLACEMENT_3D('',#2975,#2324,#2325);
#1991=AXIS2_PLACEMENT_3D('',#2979,#2328,#2329);
#1992=AXIS2_PLACEMENT_3D('',#2980,#2330,#2331);
#1993=AXIS2_PLACEMENT_3D('',#2984,#2333,#2334);
#1994=AXIS2_PLACEMENT_3D('',#2985,#2335,#2336);
#1995=AXIS2_PLACEMENT_3D('',#2987,#2338,#2339);
#1996=AXIS2_PLACEMENT_3D('',#2989,#2341,#2342);
#1997=AXIS2_PLACEMENT_3D('',#2990,#2343,#2344);
#1998=AXIS2_PLACEMENT_3D('',#2991,#2345,#2346);
#1999=AXIS2_PLACEMENT_3D('',#2993,#2347,#2348);
#2000=AXIS2_PLACEMENT_3D('',#2995,#2349,#2350);
#2001=AXIS2_PLACEMENT_3D('',#2996,#2351,#2352);
#2002=AXIS2_PLACEMENT_3D('',#2999,#2354,#2355);
#2003=AXIS2_PLACEMENT_3D('',#3000,#2356,#2357);
#2004=AXIS2_PLACEMENT_3D('',#3003,#2359,#2360);
#2005=AXIS2_PLACEMENT_3D('',#3004,#2361,#2362);
#2006=AXIS2_PLACEMENT_3D('',#3005,#2363,#2364);
#2007=AXIS2_PLACEMENT_3D('',#3010,#2366,#2367);
#2008=AXIS2_PLACEMENT_3D('',#3013,#2369,#2370);
#2009=AXIS2_PLACEMENT_3D('',#3014,#2371,#2372);
#2010=AXIS2_PLACEMENT_3D('',#3015,#2373,#2374);
#2011=AXIS2_PLACEMENT_3D('',#3016,#2375,#2376);
#2012=AXIS2_PLACEMENT_3D('',#3017,#2377,#2378);
#2013=AXIS2_PLACEMENT_3D('',#3018,#2379,#2380);
#2014=AXIS2_PLACEMENT_3D('',#3019,#2381,#2382);
#2015=AXIS2_PLACEMENT_3D('',#3021,#2383,#2384);
#2016=AXIS2_PLACEMENT_3D('',#3022,#2385,#2386);
#2017=AXIS2_PLACEMENT_3D('',#3023,#2387,#2388);
#2018=AXIS2_PLACEMENT_3D('',#3025,#2389,#2390);
#2019=AXIS2_PLACEMENT_3D('',#3026,#2391,#2392);
#2020=AXIS2_PLACEMENT_3D('',#3027,#2393,#2394);
#2021=AXIS2_PLACEMENT_3D('',#3029,#2395,#2396);
#2022=AXIS2_PLACEMENT_3D('',#3030,#2397,#2398);
#2023=AXIS2_PLACEMENT_3D('',#3032,#2399,#2400);
#2024=AXIS2_PLACEMENT_3D('',#3033,#2401,#2402);
#2025=AXIS2_PLACEMENT_3D('',#3034,#2403,#2404);
#2026=AXIS2_PLACEMENT_3D('',#3036,#2405,#2406);
#2027=AXIS2_PLACEMENT_3D('',#3037,#2407,#2408);
#2028=AXIS2_PLACEMENT_3D('',#3039,#2409,#2410);
#2029=AXIS2_PLACEMENT_3D('',#3040,#2411,#2412);
#2030=AXIS2_PLACEMENT_3D('',#3041,#2413,#2414);
#2031=AXIS2_PLACEMENT_3D('',#3046,#2416,#2417);
#2032=AXIS2_PLACEMENT_3D('',#3049,#2419,#2420);
#2033=AXIS2_PLACEMENT_3D('',#3055,#2424,#2425);
#2034=AXIS2_PLACEMENT_3D('',#3056,#2426,#2427);
#2035=AXIS2_PLACEMENT_3D('',#3060,#2429,#2430);
#2036=AXIS2_PLACEMENT_3D('',#3061,#2431,#2432);
#2037=AXIS2_PLACEMENT_3D('',#3067,#2436,#2437);
#2038=AXIS2_PLACEMENT_3D('',#3068,#2438,#2439);
#2039=AXIS2_PLACEMENT_3D('',#3072,#2441,#2442);
#2040=AXIS2_PLACEMENT_3D('',#3073,#2443,#2444);
#2041=AXIS2_PLACEMENT_3D('',#3079,#2448,#2449);
#2042=AXIS2_PLACEMENT_3D('',#3085,#2453,#2454);
#2043=AXIS2_PLACEMENT_3D('',#3091,#2458,#2459);
#2044=AXIS2_PLACEMENT_3D('',#3097,#2463,#2464);
#2045=AXIS2_PLACEMENT_3D('',#3098,#2465,#2466);
#2046=AXIS2_PLACEMENT_3D('',#3102,#2468,#2469);
#2047=AXIS2_PLACEMENT_3D('',#3103,#2470,#2471);
#2048=AXIS2_PLACEMENT_3D('',#3106,#2474,#2475);
#2049=AXIS2_PLACEMENT_3D('',#3109,#2478,#2479);
#2050=AXIS2_PLACEMENT_3D('',#3110,#2480,#2481);
#2051=AXIS2_PLACEMENT_3D('',#3111,#2482,#2483);
#2052=AXIS2_PLACEMENT_3D('',#3117,#2487,#2488);
#2053=AXIS2_PLACEMENT_3D('',#3118,#2489,#2490);
#2054=AXIS2_PLACEMENT_3D('',#3122,#2492,#2493);
#2055=AXIS2_PLACEMENT_3D('',#3123,#2494,#2495);
#2056=AXIS2_PLACEMENT_3D('',#3132,#2500,#2501);
#2057=AXIS2_PLACEMENT_3D('',#3133,#2502,#2503);
#2058=AXIS2_PLACEMENT_3D('',#3134,#2504,#2505);
#2059=AXIS2_PLACEMENT_3D('',#3143,#2510,#2511);
#2060=AXIS2_PLACEMENT_3D('',#3145,#2513,#2514);
#2061=AXIS2_PLACEMENT_3D('',#3147,#2516,#2517);
#2062=AXIS2_PLACEMENT_3D('',#3149,#2519,#2520);
#2063=AXIS2_PLACEMENT_3D('',#3151,#2522,#2523);
#2064=AXIS2_PLACEMENT_3D('',#3152,#2524,#2525);
#2065=AXIS2_PLACEMENT_3D('',#3153,#2526,#2527);
#2066=AXIS2_PLACEMENT_3D('',#3158,#2529,#2530);
#2067=AXIS2_PLACEMENT_3D('',#3161,#2532,#2533);
#2068=AXIS2_PLACEMENT_3D('',#3167,#2537,#2538);
#2069=AXIS2_PLACEMENT_3D('',#3168,#2539,#2540);
#2070=AXIS2_PLACEMENT_3D('',#3172,#2542,#2543);
#2071=AXIS2_PLACEMENT_3D('',#3173,#2544,#2545);
#2072=AXIS2_PLACEMENT_3D('',#3179,#2549,#2550);
#2073=AXIS2_PLACEMENT_3D('',#3180,#2551,#2552);
#2074=AXIS2_PLACEMENT_3D('',#3184,#2554,#2555);
#2075=AXIS2_PLACEMENT_3D('',#3185,#2556,#2557);
#2076=AXIS2_PLACEMENT_3D('',#3191,#2561,#2562);
#2077=AXIS2_PLACEMENT_3D('',#3197,#2566,#2567);
#2078=AXIS2_PLACEMENT_3D('',#3203,#2571,#2572);
#2079=AXIS2_PLACEMENT_3D('',#3209,#2576,#2577);
#2080=AXIS2_PLACEMENT_3D('',#3210,#2578,#2579);
#2081=AXIS2_PLACEMENT_3D('',#3214,#2581,#2582);
#2082=AXIS2_PLACEMENT_3D('',#3215,#2583,#2584);
#2083=AXIS2_PLACEMENT_3D('',#3218,#2587,#2588);
#2084=AXIS2_PLACEMENT_3D('',#3221,#2591,#2592);
#2085=AXIS2_PLACEMENT_3D('',#3222,#2593,#2594);
#2086=AXIS2_PLACEMENT_3D('',#3223,#2595,#2596);
#2087=AXIS2_PLACEMENT_3D('',#3229,#2600,#2601);
#2088=AXIS2_PLACEMENT_3D('',#3230,#2602,#2603);
#2089=AXIS2_PLACEMENT_3D('',#3234,#2605,#2606);
#2090=AXIS2_PLACEMENT_3D('',#3235,#2607,#2608);
#2091=AXIS2_PLACEMENT_3D('',#3244,#2613,#2614);
#2092=AXIS2_PLACEMENT_3D('',#3245,#2615,#2616);
#2093=AXIS2_PLACEMENT_3D('',#3246,#2617,#2618);
#2094=AXIS2_PLACEMENT_3D('',#3255,#2623,#2624);
#2095=AXIS2_PLACEMENT_3D('',#3257,#2626,#2627);
#2096=AXIS2_PLACEMENT_3D('',#3259,#2629,#2630);
#2097=AXIS2_PLACEMENT_3D('',#3261,#2632,#2633);
#2098=AXIS2_PLACEMENT_3D('',#3263,#2635,#2636);
#2099=AXIS2_PLACEMENT_3D('',#3264,#2637,#2638);
#2100=AXIS2_PLACEMENT_3D('',#3265,#2639,#2640);
#2101=AXIS2_PLACEMENT_3D('',#3266,#2641,#2642);
#2102=AXIS2_PLACEMENT_3D('',#3267,#2643,#2644);
#2103=AXIS2_PLACEMENT_3D('',#3268,#2645,#2646);
#2104=AXIS2_PLACEMENT_3D('',#3269,#2647,#2648);
#2105=AXIS2_PLACEMENT_3D('',#3270,#2649,#2650);
#2106=AXIS2_PLACEMENT_3D('',#3271,#2651,#2652);
#2107=AXIS2_PLACEMENT_3D('',#3272,#2653,#2654);
#2108=AXIS2_PLACEMENT_3D('',#3273,#2655,#2656);
#2109=AXIS2_PLACEMENT_3D('',#3274,#2657,#2658);
#2110=AXIS2_PLACEMENT_3D('',#3275,#2659,#2660);
#2111=AXIS2_PLACEMENT_3D('',#3276,#2661,#2662);
#2112=AXIS2_PLACEMENT_3D('',#3277,#2663,#2664);
#2113=AXIS2_PLACEMENT_3D('',#3278,#2665,#2666);
#2114=AXIS2_PLACEMENT_3D('',#3279,#2667,#2668);
#2115=AXIS2_PLACEMENT_3D('',#3280,#2669,#2670);
#2116=AXIS2_PLACEMENT_3D('',#3281,#2671,#2672);
#2117=AXIS2_PLACEMENT_3D('',#3282,#2673,#2674);
#2118=AXIS2_PLACEMENT_3D('',#3283,#2675,#2676);
#2119=AXIS2_PLACEMENT_3D('',#3284,#2677,#2678);
#2120=AXIS2_PLACEMENT_3D('',#3285,#2679,#2680);
#2121=AXIS2_PLACEMENT_3D('',#3286,#2681,#2682);
#2122=AXIS2_PLACEMENT_3D('',#3287,#2683,#2684);
#2123=AXIS2_PLACEMENT_3D('',#3288,#2685,#2686);
#2124=AXIS2_PLACEMENT_3D('',#3289,#2687,#2688);
#2125=AXIS2_PLACEMENT_3D('',#3290,#2689,#2690);
#2126=AXIS2_PLACEMENT_3D('',#3291,#2691,#2692);
#2127=AXIS2_PLACEMENT_3D('',#3292,#2693,#2694);
#2128=AXIS2_PLACEMENT_3D('',#3293,#2695,#2696);
#2129=AXIS2_PLACEMENT_3D('',#3294,#2697,#2698);
#2130=AXIS2_PLACEMENT_3D('',#3295,#2699,#2700);
#2131=AXIS2_PLACEMENT_3D('',#3296,#2701,#2702);
#2132=AXIS2_PLACEMENT_3D('',#3297,#2703,#2704);
#2133=AXIS2_PLACEMENT_3D('',#3298,#2705,#2706);
#2134=AXIS2_PLACEMENT_3D('',#3299,#2707,#2708);
#2135=AXIS2_PLACEMENT_3D('',#3300,#2709,#2710);
#2136=AXIS2_PLACEMENT_3D('',#3301,#2711,#2712);
#2137=AXIS2_PLACEMENT_3D('',#3302,#2713,#2714);
#2138=AXIS2_PLACEMENT_3D('',#3303,#2715,#2716);
#2139=AXIS2_PLACEMENT_3D('',#3304,#2717,#2718);
#2140=AXIS2_PLACEMENT_3D('',#3305,#2719,#2720);
#2141=DIRECTION('',(0.,0.,1.));
#2142=DIRECTION('',(1.,0.,0.));
#2143=DIRECTION('',(0.,0.,-1.));
#2144=DIRECTION('',(-1.,0.,0.));
#2145=DIRECTION('',(0.,0.,-1.));
#2146=DIRECTION('',(0.,0.,1.));
#2147=DIRECTION('',(1.,0.,0.));
#2148=DIRECTION('',(0.,0.,-1.));
#2149=DIRECTION('',(0.,0.,-1.));
#2150=DIRECTION('',(-1.,0.,0.));
#2151=DIRECTION('',(0.,0.,-1.));
#2152=DIRECTION('',(0.,0.,-1.));
#2153=DIRECTION('',(0.,1.,0.));
#2154=DIRECTION('',(0.,0.,1.));
#2155=DIRECTION('',(1.,0.,0.));
#2156=DIRECTION('',(0.,1.,0.));
#2157=DIRECTION('',(0.,0.,1.));
#2158=DIRECTION('',(0.,0.,-1.));
#2159=DIRECTION('',(1.,0.,0.));
#2160=DIRECTION('',(0.,0.,-1.));
#2161=DIRECTION('',(0.,1.,0.));
#2162=DIRECTION('',(0.,0.,1.));
#2163=DIRECTION('',(0.,0.,-1.));
#2164=DIRECTION('',(1.,0.,0.));
#2165=DIRECTION('',(0.,0.,-1.));
#2166=DIRECTION('',(1.,0.,0.));
#2167=DIRECTION('',(0.,1.,0.));
#2168=DIRECTION('',(0.,0.,1.));
#2169=DIRECTION('',(0.,0.,-1.));
#2170=DIRECTION('',(0.,1.,0.));
#2171=DIRECTION('',(0.,0.,1.));
#2172=DIRECTION('',(1.,0.,0.));
#2173=DIRECTION('',(0.,0.,-1.));
#2174=DIRECTION('',(1.,0.,0.));
#2175=DIRECTION('',(0.,1.,0.));
#2176=DIRECTION('',(0.,0.,1.));
#2177=DIRECTION('',(0.,0.,-1.));
#2178=DIRECTION('',(1.,0.,0.));
#2179=DIRECTION('',(0.,0.,1.));
#2180=DIRECTION('',(1.,0.,0.));
#2181=DIRECTION('',(0.,0.,-1.));
#2182=DIRECTION('',(1.,0.,0.));
#2183=DIRECTION('',(0.,0.,1.));
#2184=DIRECTION('',(1.,0.,0.));
#2185=DIRECTION('',(0.,0.,-1.));
#2186=DIRECTION('',(-1.,0.,0.));
#2187=DIRECTION('',(0.,0.,-1.));
#2188=DIRECTION('',(1.,0.,0.));
#2189=DIRECTION('',(0.,0.,1.));
#2190=DIRECTION('',(1.,0.,0.));
#2191=DIRECTION('',(0.,0.,-1.));
#2192=DIRECTION('',(1.,0.,0.));
#2193=DIRECTION('',(0.,1.,0.));
#2194=DIRECTION('',(0.,0.,1.));
#2195=DIRECTION('',(0.,0.,-1.));
#2196=DIRECTION('',(1.,0.,0.));
#2197=DIRECTION('',(0.,0.,1.));
#2198=DIRECTION('',(1.,0.,0.));
#2199=DIRECTION('',(0.,0.,-1.));
#2200=DIRECTION('',(1.,0.,0.));
#2201=DIRECTION('',(0.,0.,1.));
#2202=DIRECTION('',(1.,0.,0.));
#2203=DIRECTION('',(0.,0.,-1.));
#2204=DIRECTION('',(-1.,0.,0.));
#2205=DIRECTION('',(0.,0.,-1.));
#2206=DIRECTION('',(1.,0.,0.));
#2207=DIRECTION('',(0.,0.,-1.));
#2208=DIRECTION('',(1.,0.,0.));
#2209=DIRECTION('',(0.,0.,1.));
#2210=DIRECTION('',(1.,0.,0.));
#2211=DIRECTION('',(0.,0.,-1.));
#2212=DIRECTION('',(-1.,0.,0.));
#2213=DIRECTION('',(0.,0.,-1.));
#2214=DIRECTION('',(0.,0.,-1.));
#2215=DIRECTION('',(-1.,0.,0.));
#2216=DIRECTION('',(0.,0.,-1.));
#2217=DIRECTION('',(-1.,0.,0.));
#2218=DIRECTION('',(0.,0.,-1.));
#2219=DIRECTION('',(-1.,0.,0.));
#2220=DIRECTION('',(0.,0.,-1.));
#2221=DIRECTION('',(-1.,0.,0.));
#2222=DIRECTION('',(0.,0.,1.));
#2223=DIRECTION('',(0.,1.,0.));
#2224=DIRECTION('',(-1.,0.,0.));
#2225=DIRECTION('',(0.,0.,1.));
#2226=DIRECTION('',(-1.,0.,0.));
#2227=DIRECTION('',(0.,0.,1.));
#2228=DIRECTION('',(1.,0.,0.));
#2229=DIRECTION('',(0.,0.,-1.));
#2230=DIRECTION('',(0.,0.,1.));
#2231=DIRECTION('',(1.,0.,0.));
#2232=DIRECTION('',(0.,0.,-1.));
#2233=DIRECTION('',(-1.,0.,0.));
#2234=DIRECTION('',(0.,0.,1.));
#2235=DIRECTION('',(-1.,0.,0.));
#2236=DIRECTION('',(0.,0.,1.));
#2237=DIRECTION('',(0.,1.,0.));
#2238=DIRECTION('',(0.,0.,-1.));
#2239=DIRECTION('',(1.,0.,0.));
#2240=DIRECTION('',(0.,0.,-1.));
#2241=DIRECTION('',(1.,0.,0.));
#2242=DIRECTION('',(0.,0.,-1.));
#2243=DIRECTION('',(0.,0.,1.));
#2244=DIRECTION('',(1.,0.,0.));
#2245=DIRECTION('',(0.,0.,1.));
#2246=DIRECTION('',(1.,0.,0.));
#2247=DIRECTION('',(0.,-1.,0.));
#2248=DIRECTION('',(0.,-1.,0.));
#2249=DIRECTION('',(1.,0.,0.));
#2250=DIRECTION('',(0.,1.,0.));
#2251=DIRECTION('',(0.,0.,1.));
#2252=DIRECTION('',(1.,0.,0.));
#2253=DIRECTION('',(-0.5,0.866025403784439,0.));
#2254=DIRECTION('',(0.,0.,1.));
#2255=DIRECTION('',(1.,0.,0.));
#2256=DIRECTION('',(-1.,0.,0.));
#2257=DIRECTION('',(0.,0.,1.));
#2258=DIRECTION('',(1.,0.,0.));
#2259=DIRECTION('',(0.,0.,1.));
#2260=DIRECTION('',(1.,0.,0.));
#2261=DIRECTION('',(0.,1.,0.));
#2262=DIRECTION('',(1.,0.,0.));
#2263=DIRECTION('',(0.,1.,0.));
#2264=DIRECTION('',(0.,-1.,0.));
#2265=DIRECTION('',(0.,0.,1.));
#2266=DIRECTION('',(1.,0.,0.));
#2267=DIRECTION('',(-1.,0.,0.));
#2268=DIRECTION('',(0.,0.,1.));
#2269=DIRECTION('',(1.,0.,0.));
#2270=DIRECTION('',(-0.5,0.866025403784439,0.));
#2271=DIRECTION('',(0.,0.5,0.866025403784438));
#2272=DIRECTION('',(0.,-0.866025403784438,0.5));
#2273=DIRECTION('',(0.,0.866025403784438,-0.5));
#2274=DIRECTION('',(0.,-0.866025403784438,0.5));
#2275=DIRECTION('',(0.,0.5,-0.866025403784439));
#2276=DIRECTION('',(0.,0.866025403784439,0.5));
#2277=DIRECTION('',(0.,-0.866025403784439,-0.5));
#2278=DIRECTION('',(0.,0.866025403784439,0.5));
#2279=DIRECTION('',(0.,0.5,0.866025403784438));
#2280=DIRECTION('',(0.,-0.866025403784438,0.5));
#2281=DIRECTION('',(0.,0.866025403784438,-0.5));
#2282=DIRECTION('',(0.,-0.866025403784438,0.5));
#2283=DIRECTION('',(0.,0.5,-0.866025403784439));
#2284=DIRECTION('',(0.,0.866025403784439,0.5));
#2285=DIRECTION('',(0.,-0.866025403784439,-0.5));
#2286=DIRECTION('',(0.,0.866025403784439,0.5));
#2287=DIRECTION('',(0.,0.,-1.));
#2288=DIRECTION('',(-1.,0.,0.));
#2289=DIRECTION('',(0.,0.,-1.));
#2290=DIRECTION('',(0.,0.,1.));
#2291=DIRECTION('',(1.,0.,0.));
#2292=DIRECTION('',(0.,0.,-1.));
#2293=DIRECTION('',(0.,0.,1.));
#2294=DIRECTION('',(1.,0.,0.));
#2295=DIRECTION('',(1.,0.,0.));
#2296=DIRECTION('',(0.,0.,-1.));
#2297=DIRECTION('',(0.,-1.,0.));
#2298=DIRECTION('',(0.,-1.,0.));
#2299=DIRECTION('',(0.,0.,-1.));
#2300=DIRECTION('',(-1.,0.,0.));
#2301=DIRECTION('',(0.,0.,1.));
#2302=DIRECTION('',(1.,0.,0.));
#2303=DIRECTION('',(0.,0.,-1.));
#2304=DIRECTION('',(-0.866025403784439,-0.5,0.));
#2305=DIRECTION('',(0.5,-0.866025403784439,0.));
#2306=DIRECTION('',(0.,0.,-1.));
#2307=DIRECTION('',(-0.5,0.866025403784439,0.));
#2308=DIRECTION('',(-0.866025403784439,-0.5,0.));
#2309=DIRECTION('',(0.5,-0.866025403784439,0.));
#2310=DIRECTION('',(-0.866025403784439,-0.5,0.));
#2311=DIRECTION('',(0.5,-0.866025403784439,0.));
#2312=DIRECTION('',(-0.5,0.866025403784439,0.));
#2313=DIRECTION('',(0.,0.,-1.));
#2314=DIRECTION('',(-1.,0.,0.));
#2315=DIRECTION('',(0.,0.,-1.));
#2316=DIRECTION('',(0.,0.,1.));
#2317=DIRECTION('',(1.,0.,0.));
#2318=DIRECTION('',(0.,0.,1.));
#2319=DIRECTION('',(1.,0.,0.));
#2320=DIRECTION('',(0.,-1.,0.));
#2321=DIRECTION('',(0.,0.,-1.));
#2322=DIRECTION('',(0.,-1.,0.));
#2323=DIRECTION('',(0.,0.,-1.));
#2324=DIRECTION('',(0.,-1.,0.));
#2325=DIRECTION('',(0.,0.,-1.));
#2326=DIRECTION('',(-1.,0.,0.));
#2327=DIRECTION('',(-1.,0.,0.));
#2328=DIRECTION('',(1.,0.,0.));
#2329=DIRECTION('',(0.,0.,-1.));
#2330=DIRECTION('',(1.,0.,0.));
#2331=DIRECTION('',(0.,0.,-1.));
#2332=DIRECTION('',(0.,0.,1.));
#2333=DIRECTION('',(1.,0.,0.));
#2334=DIRECTION('',(0.,0.,-1.));
#2335=DIRECTION('',(1.,0.,0.));
#2336=DIRECTION('',(0.,0.,-1.));
#2337=DIRECTION('',(1.,0.,0.));
#2338=DIRECTION('',(0.,1.,0.));
#2339=DIRECTION('',(0.,0.,1.));
#2340=DIRECTION('',(1.,0.,0.));
#2341=DIRECTION('',(1.,0.,0.));
#2342=DIRECTION('',(0.,0.,-1.));
#2343=DIRECTION('',(1.,0.,0.));
#2344=DIRECTION('',(0.,0.,-1.));
#2345=DIRECTION('',(1.,0.,0.));
#2346=DIRECTION('',(0.,0.,-1.));
#2347=DIRECTION('',(1.,0.,0.));
#2348=DIRECTION('',(0.,0.,-1.));
#2349=DIRECTION('',(1.,0.,0.));
#2350=DIRECTION('',(0.,0.,-1.));
#2351=DIRECTION('',(1.,0.,0.));
#2352=DIRECTION('',(0.,0.,-1.));
#2353=DIRECTION('',(1.,0.,0.));
#2354=DIRECTION('',(-1.,0.,0.));
#2355=DIRECTION('',(0.,0.,1.));
#2356=DIRECTION('',(1.,0.,0.));
#2357=DIRECTION('',(0.,0.,-1.));
#2358=DIRECTION('',(1.,0.,0.));
#2359=DIRECTION('',(-1.,0.,0.));
#2360=DIRECTION('',(0.,0.,1.));
#2361=DIRECTION('',(1.,0.,0.));
#2362=DIRECTION('',(0.,0.,-1.));
#2363=DIRECTION('',(-1.,0.,0.));
#2364=DIRECTION('',(0.,0.,1.));
#2365=DIRECTION('',(1.,0.,0.));
#2366=DIRECTION('',(1.,0.,0.));
#2367=DIRECTION('',(0.,0.,-1.));
#2368=DIRECTION('',(1.,0.,0.));
#2369=DIRECTION('',(1.,0.,0.));
#2370=DIRECTION('',(0.,0.,-1.));
#2371=DIRECTION('',(1.,0.,0.));
#2372=DIRECTION('',(0.,0.,-1.));
#2373=DIRECTION('',(1.,0.,0.));
#2374=DIRECTION('',(0.,0.,-1.));
#2375=DIRECTION('',(1.,0.,0.));
#2376=DIRECTION('',(0.,0.,-1.));
#2377=DIRECTION('',(-1.,0.,0.));
#2378=DIRECTION('',(0.,0.,1.));
#2379=DIRECTION('',(1.,0.,0.));
#2380=DIRECTION('',(0.,0.,-1.));
#2381=DIRECTION('',(1.,0.,0.));
#2382=DIRECTION('',(0.,0.,-1.));
#2383=DIRECTION('',(1.,0.,0.));
#2384=DIRECTION('',(0.,0.,-1.));
#2385=DIRECTION('',(1.,0.,0.));
#2386=DIRECTION('',(0.,0.,-1.));
#2387=DIRECTION('',(1.,0.,0.));
#2388=DIRECTION('',(0.,0.,-1.));
#2389=DIRECTION('',(1.,0.,0.));
#2390=DIRECTION('',(0.,0.,-1.));
#2391=DIRECTION('',(0.,-1.,0.));
#2392=DIRECTION('',(0.,0.,-1.));
#2393=DIRECTION('',(0.,-1.,0.));
#2394=DIRECTION('',(0.,0.,-1.));
#2395=DIRECTION('',(0.,-1.,0.));
#2396=DIRECTION('',(0.,0.,-1.));
#2397=DIRECTION('',(0.,-1.,0.));
#2398=DIRECTION('',(0.,0.,-1.));
#2399=DIRECTION('',(0.,1.,0.));
#2400=DIRECTION('',(0.,0.,1.));
#2401=DIRECTION('',(0.,-1.,0.));
#2402=DIRECTION('',(0.,0.,-1.));
#2403=DIRECTION('',(0.,-1.,0.));
#2404=DIRECTION('',(0.,0.,-1.));
#2405=DIRECTION('',(0.,-1.,0.));
#2406=DIRECTION('',(0.,0.,-1.));
#2407=DIRECTION('',(0.,-1.,0.));
#2408=DIRECTION('',(0.,0.,-1.));
#2409=DIRECTION('',(0.,1.,0.));
#2410=DIRECTION('',(0.,0.,1.));
#2411=DIRECTION('',(0.,0.,-1.));
#2412=DIRECTION('',(-1.,0.,0.));
#2413=DIRECTION('',(0.,0.,1.));
#2414=DIRECTION('',(1.,0.,0.));
#2415=DIRECTION('',(0.,0.,-1.));
#2416=DIRECTION('',(0.,0.,1.));
#2417=DIRECTION('',(1.,0.,0.));
#2418=DIRECTION('',(0.,0.,-1.));
#2419=DIRECTION('',(0.,1.,0.));
#2420=DIRECTION('',(0.,0.,1.));
#2421=DIRECTION('',(1.,0.,0.));
#2422=DIRECTION('',(0.,0.,-1.));
#2423=DIRECTION('',(1.,0.,0.));
#2424=DIRECTION('',(0.,0.,-1.));
#2425=DIRECTION('',(-1.,0.,0.));
#2426=DIRECTION('',(0.,0.,1.));
#2427=DIRECTION('',(1.,0.,0.));
#2428=DIRECTION('',(0.,0.,-1.));
#2429=DIRECTION('',(0.,0.,1.));
#2430=DIRECTION('',(1.,0.,0.));
#2431=DIRECTION('',(0.416716571608663,0.909036467336004,0.));
#2432=DIRECTION('',(-0.909036467336004,0.416716571608663,0.));
#2433=DIRECTION('',(0.909036467336004,-0.416716571608663,0.));
#2434=DIRECTION('',(0.,0.,-1.));
#2435=DIRECTION('',(0.909036467336004,-0.416716571608663,0.));
#2436=DIRECTION('',(0.,0.,-1.));
#2437=DIRECTION('',(-1.,0.,0.));
#2438=DIRECTION('',(0.,0.,1.));
#2439=DIRECTION('',(1.,0.,0.));
#2440=DIRECTION('',(0.,0.,-1.));
#2441=DIRECTION('',(0.,0.,1.));
#2442=DIRECTION('',(1.,0.,0.));
#2443=DIRECTION('',(0.,1.,0.));
#2444=DIRECTION('',(0.,0.,1.));
#2445=DIRECTION('',(1.,0.,0.));
#2446=DIRECTION('',(0.,0.,-1.));
#2447=DIRECTION('',(1.,0.,0.));
#2448=DIRECTION('',(-0.707106781186548,0.707106781186548,0.));
#2449=DIRECTION('',(-0.707106781186547,-0.707106781186548,0.));
#2450=DIRECTION('',(0.707106781186548,0.707106781186548,0.));
#2451=DIRECTION('',(0.,0.,-1.));
#2452=DIRECTION('',(0.707106781186548,0.707106781186548,0.));
#2453=DIRECTION('',(-1.,0.,0.));
#2454=DIRECTION('',(0.,0.,1.));
#2455=DIRECTION('',(0.,1.,0.));
#2456=DIRECTION('',(0.,0.,-1.));
#2457=DIRECTION('',(0.,1.,0.));
#2458=DIRECTION('',(0.,-1.,0.));
#2459=DIRECTION('',(0.,0.,-1.));
#2460=DIRECTION('',(-1.,0.,0.));
#2461=DIRECTION('',(0.,0.,-1.));
#2462=DIRECTION('',(-1.,0.,0.));
#2463=DIRECTION('',(0.,0.,-1.));
#2464=DIRECTION('',(-1.,0.,0.));
#2465=DIRECTION('',(0.,0.,1.));
#2466=DIRECTION('',(1.,0.,0.));
#2467=DIRECTION('',(0.,0.,-1.));
#2468=DIRECTION('',(0.,0.,1.));
#2469=DIRECTION('',(1.,0.,0.));
#2470=DIRECTION('',(0.,0.,1.));
#2471=DIRECTION('',(1.,0.,0.));
#2472=DIRECTION('',(0.984171433389227,-0.177219044407182,0.));
#2473=DIRECTION('',(-0.909036467336004,0.416716571608663,0.));
#2474=DIRECTION('',(0.,0.,1.));
#2475=DIRECTION('',(1.,0.,0.));
#2476=DIRECTION('',(0.984171433389227,-0.177219044407182,0.));
#2477=DIRECTION('',(-0.909036467336004,0.416716571608663,0.));
#2478=DIRECTION('',(-0.416716571608663,-0.909036467336004,0.));
#2479=DIRECTION('',(0.909036467336004,-0.416716571608663,0.));
#2480=DIRECTION('',(0.177219044407182,0.984171433389227,0.));
#2481=DIRECTION('',(-0.984171433389227,0.177219044407182,0.));
#2482=DIRECTION('',(-0.718763647081977,0.695254499901593,0.));
#2483=DIRECTION('',(-0.695254499901593,-0.718763647081977,0.));
#2484=DIRECTION('',(0.695254499901593,0.718763647081977,0.));
#2485=DIRECTION('',(0.695254499901593,0.718763647081977,0.));
#2486=DIRECTION('',(0.,0.,-1.));
#2487=DIRECTION('',(0.,0.,-1.));
#2488=DIRECTION('',(-1.,0.,0.));
#2489=DIRECTION('',(0.,0.,1.));
#2490=DIRECTION('',(1.,0.,0.));
#2491=DIRECTION('',(0.,0.,-1.));
#2492=DIRECTION('',(0.,0.,1.));
#2493=DIRECTION('',(1.,0.,0.));
#2494=DIRECTION('',(0.,0.,1.));
#2495=DIRECTION('',(1.,0.,0.));
#2496=DIRECTION('',(-1.,0.,0.));
#2497=DIRECTION('',(0.,-1.,0.));
#2498=DIRECTION('',(0.707106781186545,-0.70710678118655,0.));
#2499=DIRECTION('',(1.,0.,0.));
#2500=DIRECTION('',(0.,0.,1.));
#2501=DIRECTION('',(1.,0.,0.));
#2502=DIRECTION('',(0.,0.,1.));
#2503=DIRECTION('',(1.,0.,0.));
#2504=DIRECTION('',(0.,0.,1.));
#2505=DIRECTION('',(1.,0.,0.));
#2506=DIRECTION('',(1.,0.,0.));
#2507=DIRECTION('',(0.707106781186545,-0.70710678118655,0.));
#2508=DIRECTION('',(0.,-1.,0.));
#2509=DIRECTION('',(-1.,0.,0.));
#2510=DIRECTION('',(0.,-1.,0.));
#2511=DIRECTION('',(0.,0.,-1.));
#2512=DIRECTION('',(0.,0.,-1.));
#2513=DIRECTION('',(1.,0.,0.));
#2514=DIRECTION('',(0.,0.,-1.));
#2515=DIRECTION('',(0.,0.,-1.));
#2516=DIRECTION('',(0.70710678118655,0.707106781186545,0.));
#2517=DIRECTION('',(-0.707106781186545,0.70710678118655,0.));
#2518=DIRECTION('',(0.,0.,-1.));
#2519=DIRECTION('',(0.,1.,0.));
#2520=DIRECTION('',(0.,0.,1.));
#2521=DIRECTION('',(0.,0.,-1.));
#2522=DIRECTION('',(0.,0.,-1.));
#2523=DIRECTION('',(-1.,0.,0.));
#2524=DIRECTION('',(0.,0.,-1.));
#2525=DIRECTION('',(-1.,0.,0.));
#2526=DIRECTION('',(0.,0.,1.));
#2527=DIRECTION('',(1.,0.,0.));
#2528=DIRECTION('',(0.,0.,-1.));
#2529=DIRECTION('',(0.,0.,1.));
#2530=DIRECTION('',(1.,0.,0.));
#2531=DIRECTION('',(0.,0.,-1.));
#2532=DIRECTION('',(0.,1.,0.));
#2533=DIRECTION('',(0.,0.,1.));
#2534=DIRECTION('',(1.,0.,0.));
#2535=DIRECTION('',(0.,0.,-1.));
#2536=DIRECTION('',(1.,0.,0.));
#2537=DIRECTION('',(0.,0.,-1.));
#2538=DIRECTION('',(-1.,0.,0.));
#2539=DIRECTION('',(0.,0.,1.));
#2540=DIRECTION('',(1.,0.,0.));
#2541=DIRECTION('',(0.,0.,-1.));
#2542=DIRECTION('',(0.,0.,1.));
#2543=DIRECTION('',(1.,0.,0.));
#2544=DIRECTION('',(0.416716571608663,0.909036467336004,0.));
#2545=DIRECTION('',(-0.909036467336004,0.416716571608663,0.));
#2546=DIRECTION('',(0.909036467336004,-0.416716571608663,0.));
#2547=DIRECTION('',(0.,0.,-1.));
#2548=DIRECTION('',(0.909036467336004,-0.416716571608663,0.));
#2549=DIRECTION('',(0.,0.,-1.));
#2550=DIRECTION('',(-1.,0.,0.));
#2551=DIRECTION('',(0.,0.,1.));
#2552=DIRECTION('',(1.,0.,0.));
#2553=DIRECTION('',(0.,0.,-1.));
#2554=DIRECTION('',(0.,0.,1.));
#2555=DIRECTION('',(1.,0.,0.));
#2556=DIRECTION('',(0.,1.,0.));
#2557=DIRECTION('',(0.,0.,1.));
#2558=DIRECTION('',(1.,0.,0.));
#2559=DIRECTION('',(0.,0.,-1.));
#2560=DIRECTION('',(1.,0.,0.));
#2561=DIRECTION('',(-0.707106781186548,0.707106781186548,0.));
#2562=DIRECTION('',(-0.707106781186547,-0.707106781186548,0.));
#2563=DIRECTION('',(0.707106781186548,0.707106781186548,0.));
#2564=DIRECTION('',(0.,0.,-1.));
#2565=DIRECTION('',(0.707106781186548,0.707106781186548,0.));
#2566=DIRECTION('',(-1.,0.,0.));
#2567=DIRECTION('',(0.,0.,1.));
#2568=DIRECTION('',(0.,1.,0.));
#2569=DIRECTION('',(0.,0.,-1.));
#2570=DIRECTION('',(0.,1.,0.));
#2571=DIRECTION('',(0.,-1.,0.));
#2572=DIRECTION('',(0.,0.,-1.));
#2573=DIRECTION('',(-1.,0.,0.));
#2574=DIRECTION('',(0.,0.,-1.));
#2575=DIRECTION('',(-1.,0.,0.));
#2576=DIRECTION('',(0.,0.,-1.));
#2577=DIRECTION('',(-1.,0.,0.));
#2578=DIRECTION('',(0.,0.,1.));
#2579=DIRECTION('',(1.,0.,0.));
#2580=DIRECTION('',(0.,0.,-1.));
#2581=DIRECTION('',(0.,0.,1.));
#2582=DIRECTION('',(1.,0.,0.));
#2583=DIRECTION('',(0.,0.,1.));
#2584=DIRECTION('',(1.,0.,0.));
#2585=DIRECTION('',(0.984171433389227,-0.177219044407182,0.));
#2586=DIRECTION('',(-0.909036467336004,0.416716571608663,0.));
#2587=DIRECTION('',(0.,0.,1.));
#2588=DIRECTION('',(1.,0.,0.));
#2589=DIRECTION('',(0.984171433389227,-0.177219044407182,0.));
#2590=DIRECTION('',(-0.909036467336004,0.416716571608663,0.));
#2591=DIRECTION('',(-0.416716571608663,-0.909036467336004,0.));
#2592=DIRECTION('',(0.909036467336004,-0.416716571608663,0.));
#2593=DIRECTION('',(0.177219044407182,0.984171433389227,0.));
#2594=DIRECTION('',(-0.984171433389227,0.177219044407182,0.));
#2595=DIRECTION('',(-0.718763647081977,0.695254499901593,0.));
#2596=DIRECTION('',(-0.695254499901593,-0.718763647081977,0.));
#2597=DIRECTION('',(0.695254499901593,0.718763647081977,0.));
#2598=DIRECTION('',(0.695254499901593,0.718763647081977,0.));
#2599=DIRECTION('',(0.,0.,-1.));
#2600=DIRECTION('',(0.,0.,-1.));
#2601=DIRECTION('',(-1.,0.,0.));
#2602=DIRECTION('',(0.,0.,1.));
#2603=DIRECTION('',(1.,0.,0.));
#2604=DIRECTION('',(0.,0.,-1.));
#2605=DIRECTION('',(0.,0.,1.));
#2606=DIRECTION('',(1.,0.,0.));
#2607=DIRECTION('',(0.,0.,1.));
#2608=DIRECTION('',(1.,0.,0.));
#2609=DIRECTION('',(-1.,0.,0.));
#2610=DIRECTION('',(0.,-1.,0.));
#2611=DIRECTION('',(0.707106781186545,-0.70710678118655,0.));
#2612=DIRECTION('',(1.,0.,0.));
#2613=DIRECTION('',(0.,0.,1.));
#2614=DIRECTION('',(1.,0.,0.));
#2615=DIRECTION('',(0.,0.,1.));
#2616=DIRECTION('',(1.,0.,0.));
#2617=DIRECTION('',(0.,0.,1.));
#2618=DIRECTION('',(1.,0.,0.));
#2619=DIRECTION('',(1.,0.,0.));
#2620=DIRECTION('',(0.707106781186545,-0.70710678118655,0.));
#2621=DIRECTION('',(0.,-1.,0.));
#2622=DIRECTION('',(-1.,0.,0.));
#2623=DIRECTION('',(0.,-1.,0.));
#2624=DIRECTION('',(0.,0.,-1.));
#2625=DIRECTION('',(0.,0.,-1.));
#2626=DIRECTION('',(1.,0.,0.));
#2627=DIRECTION('',(0.,0.,-1.));
#2628=DIRECTION('',(0.,0.,-1.));
#2629=DIRECTION('',(0.70710678118655,0.707106781186545,0.));
#2630=DIRECTION('',(-0.707106781186545,0.70710678118655,0.));
#2631=DIRECTION('',(0.,0.,-1.));
#2632=DIRECTION('',(0.,1.,0.));
#2633=DIRECTION('',(0.,0.,1.));
#2634=DIRECTION('',(0.,0.,-1.));
#2635=DIRECTION('',(0.,0.,-1.));
#2636=DIRECTION('',(-1.,0.,0.));
#2637=DIRECTION('',(1.,0.,0.));
#2638=DIRECTION('',(0.,0.,-1.));
#2639=DIRECTION('',(1.,0.,0.));
#2640=DIRECTION('',(0.,0.,-1.));
#2641=DIRECTION('',(0.,-0.974999999999999,0.222204860432893));
#2642=DIRECTION('',(0.,-0.222204860432893,-0.974999999999999));
#2643=DIRECTION('',(-5.42058732940906E-16,0.222204860432893,0.975));
#2644=DIRECTION('',(0.,-0.974999999999999,0.222204860432893));
#2645=DIRECTION('',(-1.,0.,0.));
#2646=DIRECTION('',(0.,0.,1.));
#2647=DIRECTION('',(6.67201336914154E-16,0.615384615384614,0.788226981996893));
#2648=DIRECTION('',(0.,-0.788226981996894,0.615384615384614));
#2649=DIRECTION('',(-1.,0.,0.));
#2650=DIRECTION('',(0.,0.,1.));
#2651=DIRECTION('',(-3.79470760369926E-15,1.,-3.79470760369927E-15));
#2652=DIRECTION('',(0.,3.79470760369927E-15,1.));
#2653=DIRECTION('',(0.,-1.,0.));
#2654=DIRECTION('',(0.,0.,-1.));
#2655=DIRECTION('',(-2.16840434497101E-15,1.,0.));
#2656=DIRECTION('',(-1.,-2.16840434497101E-15,0.));
#2657=DIRECTION('',(0.,0.,1.));
#2658=DIRECTION('',(1.,0.,0.));
#2659=DIRECTION('',(-0.5,0.866025403784438,0.));
#2660=DIRECTION('',(-0.866025403784439,-0.5,0.));
#2661=DIRECTION('',(0.5,-0.866025403784439,0.));
#2662=DIRECTION('',(0.866025403784439,0.5,0.));
#2663=DIRECTION('',(-0.499999999999999,0.866025403784439,0.));
#2664=DIRECTION('',(-0.866025403784439,-0.499999999999999,0.));
#2665=DIRECTION('',(0.,0.,1.));
#2666=DIRECTION('',(1.,0.,0.));
#2667=DIRECTION('',(-1.,0.,0.));
#2668=DIRECTION('',(0.,0.,1.));
#2669=DIRECTION('',(1.,0.,0.));
#2670=DIRECTION('',(0.,0.,-1.));
#2671=DIRECTION('',(-1.,4.33680868994202E-15,0.));
#2672=DIRECTION('',(-4.33680868994202E-15,-1.,0.));
#2673=DIRECTION('',(0.,0.,1.));
#2674=DIRECTION('',(1.,0.,0.));
#2675=DIRECTION('',(0.,-1.,0.));
#2676=DIRECTION('',(0.,0.,-1.));
#2677=DIRECTION('',(0.,1.,0.));
#2678=DIRECTION('',(0.,0.,1.));
#2679=DIRECTION('',(0.,-1.,0.));
#2680=DIRECTION('',(0.,0.,-1.));
#2681=DIRECTION('',(-3.25260651745652E-15,1.,0.));
#2682=DIRECTION('',(-1.,-3.25260651745652E-15,0.));
#2683=DIRECTION('',(0.,0.,1.));
#2684=DIRECTION('',(1.,0.,0.));
#2685=DIRECTION('',(1.,0.,0.));
#2686=DIRECTION('',(0.,0.,-1.));
#2687=DIRECTION('',(-1.,0.,0.));
#2688=DIRECTION('',(0.,0.,1.));
#2689=DIRECTION('',(1.,0.,0.));
#2690=DIRECTION('',(0.,0.,-1.));
#2691=DIRECTION('',(0.,0.,1.));
#2692=DIRECTION('',(1.,0.,0.));
#2693=DIRECTION('',(0.499999999999999,-0.866025403784439,0.));
#2694=DIRECTION('',(0.866025403784439,0.499999999999999,0.));
#2695=DIRECTION('',(-0.5,0.866025403784439,0.));
#2696=DIRECTION('',(-0.866025403784439,-0.5,0.));
#2697=DIRECTION('',(0.499999999999998,-0.86602540378444,0.));
#2698=DIRECTION('',(0.86602540378444,0.499999999999998,0.));
#2699=DIRECTION('',(0.,0.,1.));
#2700=DIRECTION('',(1.,0.,0.));
#2701=DIRECTION('',(0.,-1.,0.));
#2702=DIRECTION('',(0.,0.,-1.));
#2703=DIRECTION('',(0.,1.,0.));
#2704=DIRECTION('',(0.,0.,1.));
#2705=DIRECTION('',(-1.62630325872826E-15,-1.,0.));
#2706=DIRECTION('',(1.,-1.62630325872826E-15,0.));
#2707=DIRECTION('',(-1.,0.,0.));
#2708=DIRECTION('',(0.,0.,1.));
#2709=DIRECTION('',(9.87675364273927E-16,-0.615384615384616,0.788226981996892));
#2710=DIRECTION('',(0.,-0.788226981996892,-0.615384615384616));
#2711=DIRECTION('',(-1.,0.,0.));
#2712=DIRECTION('',(0.,0.,1.));
#2713=DIRECTION('',(6.02287481045446E-17,-0.222204860432891,0.975));
#2714=DIRECTION('',(0.,-0.975,-0.222204860432891));
#2715=DIRECTION('',(0.,-0.975,-0.222204860432891));
#2716=DIRECTION('',(0.,0.222204860432891,-0.975));
#2717=DIRECTION('',(-1.,0.,0.));
#2718=DIRECTION('',(0.,0.,1.));
#2719=DIRECTION('',(1.,0.,0.));
#2720=DIRECTION('',(0.,0.,-1.));
#2721=CARTESIAN_POINT('',(0.,0.,0.));
#2722=CARTESIAN_POINT('',(-0.500000000000004,1.02416697508023,5.9));
#2723=CARTESIAN_POINT('',(-0.0669872981077808,1.27416697508023,5.9));
#2724=CARTESIAN_POINT('',(-0.0669872981077808,1.27416697508023,5.7));
#2725=CARTESIAN_POINT('',(-0.0669872981077808,1.27416697508023,5.23043753583971));
#2726=CARTESIAN_POINT('',(-0.500000000000004,1.02416697508023,5.7));
#2727=CARTESIAN_POINT('',(0.,1.02416697508023,5.7));
#2728=CARTESIAN_POINT('',(0.,1.02416697508023,5.9));
#2729=CARTESIAN_POINT('',(0.,1.02416697508023,5.12724901984992));
#2730=CARTESIAN_POINT('',(0.,1.02416697508023,5.12724901984992));
#2731=CARTESIAN_POINT('',(-2.09277376151336E-16,1.10459377087775,5.17781887633588));
#2732=CARTESIAN_POINT('',(-0.0202952208127155,1.19329392489424,5.21221679119884));
#2733=CARTESIAN_POINT('',(-0.0669872981077807,1.27416697508023,5.23043753583971));
#2734=CARTESIAN_POINT('',(-0.500000000000004,1.02416697508023,5.9));
#2735=CARTESIAN_POINT('',(-0.0669872981077808,1.27416697508023,5.9));
#2736=CARTESIAN_POINT('',(-0.0669872981077808,1.27416697508023,3.66956246416029));
#2737=CARTESIAN_POINT('',(-0.0669872981077808,1.27416697508023,2.23043753583971));
#2738=CARTESIAN_POINT('',(-0.0669872981077809,1.27416697508023,3.66956246416029));
#2739=CARTESIAN_POINT('',(-0.0202839698967262,1.19327443773612,3.68778759926908));
#2740=CARTESIAN_POINT('',(-2.59776217214212E-16,1.10464317313997,3.72215006106508));
#2741=CARTESIAN_POINT('',(-1.54693046589253E-17,1.02416697508023,3.77275098015008));
#2742=CARTESIAN_POINT('',(0.,1.02416697508023,3.77275098015008));
#2743=CARTESIAN_POINT('',(0.,1.02416697508023,5.9));
#2744=CARTESIAN_POINT('',(0.,1.02416697508023,2.12724901984992));
#2745=CARTESIAN_POINT('',(0.,1.02416697508023,2.12724901984992));
#2746=CARTESIAN_POINT('',(-2.09277376151335E-16,1.10459377087775,2.17781887633588));
#2747=CARTESIAN_POINT('',(-0.0202952208127158,1.19329392489424,2.21221679119884));
#2748=CARTESIAN_POINT('',(-0.0669872981077809,1.27416697508023,2.23043753583971));
#2749=CARTESIAN_POINT('',(-7.4,0.,5.9));
#2750=CARTESIAN_POINT('',(-7.4,0.,5.9));
#2751=CARTESIAN_POINT('',(-7.2,0.,5.9));
#2752=CARTESIAN_POINT('',(-1.6,0.,5.9));
#2753=CARTESIAN_POINT('',(-7.2,0.,5.7));
#2754=CARTESIAN_POINT('',(-7.4,0.,5.7));
#2755=CARTESIAN_POINT('',(-7.4,0.,5.9));
#2756=CARTESIAN_POINT('',(-7.4,0.,5.1));
#2757=CARTESIAN_POINT('',(-7.4,0.,5.1));
#2758=CARTESIAN_POINT('',(-1.6,0.,5.1));
#2759=CARTESIAN_POINT('',(-1.6,0.,5.9));
#2760=CARTESIAN_POINT('',(-7.4,0.,5.9));
#2761=CARTESIAN_POINT('',(-1.6,0.,5.9));
#2762=CARTESIAN_POINT('',(-1.6,0.,3.8));
#2763=CARTESIAN_POINT('',(-1.6,8.13151629364128E-17,2.1));
#2764=CARTESIAN_POINT('',(-7.4,0.,3.8));
#2765=CARTESIAN_POINT('',(-7.4,0.,3.8));
#2766=CARTESIAN_POINT('',(-7.4,0.,5.9));
#2767=CARTESIAN_POINT('',(-7.4,0.,2.1));
#2768=CARTESIAN_POINT('',(-7.4,0.,2.1));
#2769=CARTESIAN_POINT('',(-7.4,0.,5.9));
#2770=CARTESIAN_POINT('',(-7.4,0.,5.9));
#2771=CARTESIAN_POINT('',(-7.4,0.,0.8));
#2772=CARTESIAN_POINT('',(-7.4,0.,0.2));
#2773=CARTESIAN_POINT('',(-7.2,0.,0.2));
#2774=CARTESIAN_POINT('',(-7.2,0.,0.));
#2775=CARTESIAN_POINT('',(-7.4,0.,0.));
#2776=CARTESIAN_POINT('',(-1.6,0.,0.));
#2777=CARTESIAN_POINT('',(-1.6,0.,5.9));
#2778=CARTESIAN_POINT('',(-1.6,-1.17368328026341E-16,0.8));
#2779=CARTESIAN_POINT('',(-7.4,0.,0.8));
#2780=CARTESIAN_POINT('',(-0.9,0.25,5.9));
#2781=CARTESIAN_POINT('',(-6.9,0.25,4.85));
#2782=CARTESIAN_POINT('',(-6.9,0.25,4.05));
#2783=CARTESIAN_POINT('',(-6.9,0.25,4.85));
#2784=CARTESIAN_POINT('',(-0.9,0.25,4.85));
#2785=CARTESIAN_POINT('',(-6.54781948282296,0.25,4.85));
#2786=CARTESIAN_POINT('',(-6.54781948282296,0.25,5.9));
#2787=CARTESIAN_POINT('',(-6.54781948282296,0.25,4.05));
#2788=CARTESIAN_POINT('',(-0.9,0.25,4.05));
#2789=CARTESIAN_POINT('',(-3.26698729810778,0.25,5.9));
#2790=CARTESIAN_POINT('',(-3.26698729810778,0.25,4.85));
#2791=CARTESIAN_POINT('',(-3.26698729810779,0.25,4.05));
#2792=CARTESIAN_POINT('',(-0.9,0.25,4.85));
#2793=CARTESIAN_POINT('',(-0.963642895864576,0.25,4.85));
#2794=CARTESIAN_POINT('',(-0.963642895864576,0.25,5.9));
#2795=CARTESIAN_POINT('',(-0.963642895864576,0.25,4.05));
#2796=CARTESIAN_POINT('',(-0.9,0.25,4.05));
#2797=CARTESIAN_POINT('',(-0.2,0.25,5.9));
#2798=CARTESIAN_POINT('',(-0.2,0.25,4.89440972086578));
#2799=CARTESIAN_POINT('',(-0.2,0.25,3.98363104734556));
#2800=CARTESIAN_POINT('',(-1.6,0.25,4.89440972086578));
#2801=CARTESIAN_POINT('',(-1.6,0.25,4.89440972086578));
#2802=CARTESIAN_POINT('',(-1.6,0.25,5.9));
#2803=CARTESIAN_POINT('',(-1.6,0.25,4.95566243270259));
#2804=CARTESIAN_POINT('',(-7.4,0.25,4.95566243270259));
#2805=CARTESIAN_POINT('',(-7.4,0.25,4.95566243270259));
#2806=CARTESIAN_POINT('',(-7.4,0.25,3.94433756729741));
#2807=CARTESIAN_POINT('',(-7.4,0.25,3.94433756729741));
#2808=CARTESIAN_POINT('',(-7.4,0.25,3.94433756729741));
#2809=CARTESIAN_POINT('',(-1.6,0.25,3.94433756729741));
#2810=CARTESIAN_POINT('',(-1.6,0.25,5.9));
#2811=CARTESIAN_POINT('',(-1.6,0.25,3.98363104734556));
#2812=CARTESIAN_POINT('',(-1.6,0.25,3.98363104734556));
#2813=CARTESIAN_POINT('',(-0.9,0.25,5.9));
#2814=CARTESIAN_POINT('',(-6.9,0.25,1.85));
#2815=CARTESIAN_POINT('',(-6.9,0.25,1.05));
#2816=CARTESIAN_POINT('',(-6.9,0.25,1.85));
#2817=CARTESIAN_POINT('',(-0.9,0.25,1.85));
#2818=CARTESIAN_POINT('',(-6.54781948282296,0.25,1.85));
#2819=CARTESIAN_POINT('',(-6.54781948282296,0.25,5.9));
#2820=CARTESIAN_POINT('',(-6.54781948282296,0.25,1.05));
#2821=CARTESIAN_POINT('',(-0.9,0.25,1.05));
#2822=CARTESIAN_POINT('',(-3.26698729810778,0.25,5.9));
#2823=CARTESIAN_POINT('',(-3.26698729810778,0.25,1.85));
#2824=CARTESIAN_POINT('',(-3.26698729810779,0.25,1.05));
#2825=CARTESIAN_POINT('',(-0.9,0.25,1.85));
#2826=CARTESIAN_POINT('',(-0.963642895864576,0.25,1.85));
#2827=CARTESIAN_POINT('',(-0.963642895864576,0.25,5.9));
#2828=CARTESIAN_POINT('',(-0.963642895864576,0.25,1.05));
#2829=CARTESIAN_POINT('',(-0.9,0.25,1.05));
#2830=CARTESIAN_POINT('',(-1.6,0.25,5.9));
#2831=CARTESIAN_POINT('',(-1.6,0.25,1.00559027913422));
#2832=CARTESIAN_POINT('',(-1.6,0.25,0.944337567297406));
#2833=CARTESIAN_POINT('',(-0.2,0.25,1.00559027913422));
#2834=CARTESIAN_POINT('',(-0.2,0.25,1.00559027913422));
#2835=CARTESIAN_POINT('',(-0.2,0.25,5.9));
#2836=CARTESIAN_POINT('',(-0.2,0.25,1.91636895265444));
#2837=CARTESIAN_POINT('',(-1.6,0.25,1.91636895265444));
#2838=CARTESIAN_POINT('',(-1.6,0.25,1.91636895265444));
#2839=CARTESIAN_POINT('',(-1.6,0.25,5.9));
#2840=CARTESIAN_POINT('',(-1.6,0.25,1.95566243270259));
#2841=CARTESIAN_POINT('',(-7.4,0.25,1.95566243270259));
#2842=CARTESIAN_POINT('',(-7.4,0.25,1.95566243270259));
#2843=CARTESIAN_POINT('',(-7.4,0.25,0.944337567297406));
#2844=CARTESIAN_POINT('',(-7.4,0.25,0.944337567297406));
#2845=CARTESIAN_POINT('',(-7.4,0.25,0.944337567297406));
#2846=CARTESIAN_POINT('',(-0.2,0.45,5.9));
#2847=CARTESIAN_POINT('',(0.,0.45,5.9));
#2848=CARTESIAN_POINT('',(0.,0.45,4.89440972086578));
#2849=CARTESIAN_POINT('',(0.,0.45,3.43142256062683));
#2850=CARTESIAN_POINT('',(-0.2,0.45,4.89440972086578));
#2851=CARTESIAN_POINT('',(0.,0.45,3.43142256062683));
#2852=CARTESIAN_POINT('',(0.,0.399723260766563,3.52767409508604));
#2853=CARTESIAN_POINT('',(-0.0248675159158577,0.335838823465567,3.67906933311895));
#2854=CARTESIAN_POINT('',(-0.0938013769328283,0.277547805876832,3.86205527532676));
#2855=CARTESIAN_POINT('',(-0.14518350602903,0.249999999999999,3.98363104734555));
#2856=CARTESIAN_POINT('',(-0.200000000000001,0.249999999999999,3.98363104734555));
#2857=CARTESIAN_POINT('',(-0.2,0.45,5.9));
#2858=CARTESIAN_POINT('',(-0.2,0.45,1.00559027913422));
#2859=CARTESIAN_POINT('',(0.,0.45,1.00559027913422));
#2860=CARTESIAN_POINT('',(0.,0.45,5.9));
#2861=CARTESIAN_POINT('',(0.,0.45,2.46857743937317));
#2862=CARTESIAN_POINT('',(-0.2,0.25,1.91636895265444));
#2863=CARTESIAN_POINT('',(-0.144634648524241,0.25,1.91636895265444));
#2864=CARTESIAN_POINT('',(-0.0937907608789433,0.277734131466193,2.03857497032758));
#2865=CARTESIAN_POINT('',(-0.0250536506617136,0.335479373977792,2.21987083902959));
#2866=CARTESIAN_POINT('',(-9.24617675697387E-17,0.399861616625508,2.37259077817201));
#2867=CARTESIAN_POINT('',(2.66848474444849E-18,0.45,2.46857743937317));
#2868=CARTESIAN_POINT('',(0.,0.45,5.9));
#2869=CARTESIAN_POINT('',(0.,0.86295738510606,5.7));
#2870=CARTESIAN_POINT('',(0.,0.86295738510606,5.7));
#2871=CARTESIAN_POINT('',(0.,0.862957385106059,5.65));
#2872=CARTESIAN_POINT('',(0.,0.823546036006216,5.68076923076923));
#2873=CARTESIAN_POINT('',(0.,2.40000000000003,4.44999999999999));
#2874=CARTESIAN_POINT('',(0.,2.39999999999999,4.45));
#2875=CARTESIAN_POINT('',(0.,0.75,2.99483677891447));
#2876=CARTESIAN_POINT('',(0.,0.75,2.90516322108553));
#2877=CARTESIAN_POINT('',(0.,0.750000000000001,2.90516322108553));
#2878=CARTESIAN_POINT('',(0.,2.4,1.45));
#2879=CARTESIAN_POINT('',(0.,2.40000000000001,1.45));
#2880=CARTESIAN_POINT('',(0.,0.823546036006216,0.219230769230769));
#2881=CARTESIAN_POINT('',(0.,0.86295738510606,0.25));
#2882=CARTESIAN_POINT('',(0.,0.86295738510606,0.2));
#2883=CARTESIAN_POINT('',(0.,0.45,0.2));
#2884=CARTESIAN_POINT('',(0.,1.02416697508023,0.2));
#2885=CARTESIAN_POINT('',(0.,1.02416697508023,5.9));
#2886=CARTESIAN_POINT('',(0.,1.02416697508023,0.77275098015008));
#2887=CARTESIAN_POINT('',(0.,1.45,1.45));
#2888=CARTESIAN_POINT('',(0.,1.45,4.45));
#2889=CARTESIAN_POINT('',(-6.4,1.65,5.9));
#2890=CARTESIAN_POINT('',(-6.4,1.65,5.9));
#2891=CARTESIAN_POINT('',(-6.4,2.45,5.9));
#2892=CARTESIAN_POINT('',(-7.2,1.65,5.9));
#2893=CARTESIAN_POINT('',(-7.2,0.,5.9));
#2894=CARTESIAN_POINT('',(-1.6,0.86295738510606,5.9));
#2895=CARTESIAN_POINT('',(-1.6,0.86295738510606,5.9));
#2896=CARTESIAN_POINT('',(-1.6,0.86295738510606,5.9));
#2897=CARTESIAN_POINT('',(-0.2,0.86295738510606,5.9));
#2898=CARTESIAN_POINT('',(-0.2,1.02416697508023,5.9));
#2899=CARTESIAN_POINT('',(-0.2,1.02416697508023,5.9));
#2900=CARTESIAN_POINT('',(-0.500000000000004,1.02416697508023,5.9));
#2901=CARTESIAN_POINT('',(-0.240192378864668,1.17416697508023,5.9));
#2902=CARTESIAN_POINT('',(-0.890192378864669,2.3,5.9));
#2903=CARTESIAN_POINT('',(-0.890192378864669,2.3,5.9));
#2904=CARTESIAN_POINT('',(-1.15,2.15,5.9));
#2905=CARTESIAN_POINT('',(-1.15,2.45,5.9));
#2906=CARTESIAN_POINT('',(-6.4,2.45,5.9));
#2907=CARTESIAN_POINT('',(-6.4,1.65,0.));
#2908=CARTESIAN_POINT('',(-0.500000000000004,1.02416697508023,0.));
#2909=CARTESIAN_POINT('',(-0.240192378864669,1.17416697508023,0.));
#2910=CARTESIAN_POINT('',(-0.2,1.02416697508023,0.));
#2911=CARTESIAN_POINT('',(-0.2,1.65,0.));
#2912=CARTESIAN_POINT('',(-0.2,0.86295738510606,0.));
#2913=CARTESIAN_POINT('',(-1.6,0.86295738510606,0.));
#2914=CARTESIAN_POINT('',(-1.6,0.86295738510606,0.));
#2915=CARTESIAN_POINT('',(-1.6,0.,0.));
#2916=CARTESIAN_POINT('',(-7.2,1.65,0.));
#2917=CARTESIAN_POINT('',(-7.2,1.65,0.));
#2918=CARTESIAN_POINT('',(-6.4,1.65,0.));
#2919=CARTESIAN_POINT('',(-6.4,2.45,0.));
#2920=CARTESIAN_POINT('',(-6.4,2.45,0.));
#2921=CARTESIAN_POINT('',(-1.15,2.45,0.));
#2922=CARTESIAN_POINT('',(-1.15,2.15,0.));
#2923=CARTESIAN_POINT('',(-0.890192378864669,2.3,0.));
#2924=CARTESIAN_POINT('',(-1.98618602791856,4.19831668493415,0.));
#2925=CARTESIAN_POINT('',(-7.4,0.25,1.95566243270259));
#2926=CARTESIAN_POINT('',(-1.6,0.25,1.95566243270259));
#2927=CARTESIAN_POINT('',(-7.4,0.25,1.95566243270259));
#2928=CARTESIAN_POINT('',(-7.4,0.,0.8));
#2929=CARTESIAN_POINT('',(-1.6,0.,0.8));
#2930=CARTESIAN_POINT('',(-7.4,0.,0.8));
#2931=CARTESIAN_POINT('',(-7.4,0.25,4.95566243270259));
#2932=CARTESIAN_POINT('',(-1.6,0.25,4.95566243270259));
#2933=CARTESIAN_POINT('',(-7.4,0.25,4.95566243270259));
#2934=CARTESIAN_POINT('',(-7.4,0.,3.8));
#2935=CARTESIAN_POINT('',(-1.6,0.,3.8));
#2936=CARTESIAN_POINT('',(-7.4,0.,3.8));
#2937=CARTESIAN_POINT('',(-6.4,1.65,5.9));
#2938=CARTESIAN_POINT('',(-7.4,1.65,5.9));
#2939=CARTESIAN_POINT('',(-7.4,1.65,5.7));
#2940=CARTESIAN_POINT('',(-7.4,1.65,0.2));
#2941=CARTESIAN_POINT('',(-6.4,1.65,5.7));
#2942=CARTESIAN_POINT('',(-6.4,2.65,5.7));
#2943=CARTESIAN_POINT('',(-6.4,2.65,5.9));
#2944=CARTESIAN_POINT('',(-6.4,2.65,0.2));
#2945=CARTESIAN_POINT('',(-6.4,1.65,0.2));
#2946=CARTESIAN_POINT('',(-7.4,1.65,5.9));
#2947=CARTESIAN_POINT('',(-7.4,1.65,5.7));
#2948=CARTESIAN_POINT('',(-7.4,1.65,0.2));
#2949=CARTESIAN_POINT('',(-0.500000000000004,1.02416697508023,5.9));
#2950=CARTESIAN_POINT('',(-0.500000000000004,1.02416697508023,0.2));
#2951=CARTESIAN_POINT('',(-0.0669872981077808,1.27416697508023,0.2));
#2952=CARTESIAN_POINT('',(-0.0669872981077808,1.27416697508023,5.9));
#2953=CARTESIAN_POINT('',(-0.0669872981077808,1.27416697508023,0.669562464160288));
#2954=CARTESIAN_POINT('',(-0.0669872981077808,1.27416697508023,0.669562464160287));
#2955=CARTESIAN_POINT('',(-0.0202839698967258,1.19327443773612,0.687787599269078));
#2956=CARTESIAN_POINT('',(-2.21485236757764E-16,1.10464317313997,0.722150061065078));
#2957=CARTESIAN_POINT('',(-1.20793117103744E-17,1.02416697508023,0.772750980150079));
#2958=CARTESIAN_POINT('',(-0.0669872981077807,1.27416697508023,5.9));
#2959=CARTESIAN_POINT('',(-0.716987298107781,2.4,5.9));
#2960=CARTESIAN_POINT('',(-0.716987298107781,2.4,5.7));
#2961=CARTESIAN_POINT('',(-0.716987298107781,2.4,0.2));
#2962=CARTESIAN_POINT('',(-0.0669872981077804,1.27416697508023,5.7));
#2963=CARTESIAN_POINT('',(-0.168504542377637,1.45,4.45));
#2964=CARTESIAN_POINT('',(-0.168504542377637,1.45,1.45));
#2965=CARTESIAN_POINT('',(-0.0669872981077807,1.27416697508023,0.2));
#2966=CARTESIAN_POINT('',(-1.15,2.15,5.9));
#2967=CARTESIAN_POINT('',(-1.15,2.65,5.9));
#2968=CARTESIAN_POINT('',(-1.15,2.65,5.7));
#2969=CARTESIAN_POINT('',(-1.15,2.65,0.2));
#2970=CARTESIAN_POINT('',(-1.15,2.15,5.7));
#2971=CARTESIAN_POINT('',(-1.15,2.15,0.2));
#2972=CARTESIAN_POINT('',(-1.15,2.65,5.9));
#2973=CARTESIAN_POINT('',(-4.5,2.65,4.45));
#2974=CARTESIAN_POINT('',(-4.5,2.65,3.75));
#2975=CARTESIAN_POINT('',(-4.5,2.65,1.45));
#2976=CARTESIAN_POINT('',(-4.5,2.65,0.75));
#2977=CARTESIAN_POINT('',(-1.15,2.65,5.7));
#2978=CARTESIAN_POINT('',(-1.15,2.65,0.2));
#2979=CARTESIAN_POINT('',(-1.6,0.862957385106059,5.65));
#2980=CARTESIAN_POINT('',(-1.6,2.4,1.45));
#2981=CARTESIAN_POINT('',(-1.6,0.750000000000001,2.90516322108553));
#2982=CARTESIAN_POINT('',(-1.6,0.75,2.90516322108553));
#2983=CARTESIAN_POINT('',(-1.6,0.75,2.99483677891447));
#2984=CARTESIAN_POINT('',(-1.6,2.39999999999999,4.45));
#2985=CARTESIAN_POINT('',(-1.6,2.4,1.45));
#2986=CARTESIAN_POINT('',(-1.6,0.750000000000001,2.90516322108553));
#2987=CARTESIAN_POINT('',(-1.6,0.75,2.90516322108553));
#2988=CARTESIAN_POINT('',(-1.6,0.75,2.99483677891447));
#2989=CARTESIAN_POINT('',(-1.6,2.39999999999999,4.45));
#2990=CARTESIAN_POINT('',(-1.6,0.862957385106059,5.65));
#2991=CARTESIAN_POINT('',(-1.6,0.45,4.89440972086578));
#2992=CARTESIAN_POINT('',(-1.6,0.255,4.93885069295236));
#2993=CARTESIAN_POINT('',(-1.6,2.40000000000003,4.44999999999999));
#2994=CARTESIAN_POINT('',(-1.6,0.665900639606838,5.80384615384616));
#2995=CARTESIAN_POINT('',(-1.6,0.862957385106059,5.65));
#2996=CARTESIAN_POINT('',(-1.6,0.862957385106059,5.65));
#2997=CARTESIAN_POINT('',(-1.6,0.665900639606838,5.80384615384616));
#2998=CARTESIAN_POINT('',(-0.2,0.665900639606838,5.80384615384616));
#2999=CARTESIAN_POINT('',(-0.2,0.862957385106059,5.65));
#3000=CARTESIAN_POINT('',(-1.6,2.40000000000003,4.44999999999999));
#3001=CARTESIAN_POINT('',(-1.6,0.255,4.93885069295236));
#3002=CARTESIAN_POINT('',(-0.2,0.255,4.93885069295236));
#3003=CARTESIAN_POINT('',(-0.2,2.40000000000003,4.44999999999999));
#3004=CARTESIAN_POINT('',(-1.6,2.40000000000001,1.45));
#3005=CARTESIAN_POINT('',(-0.2,2.40000000000001,1.45));
#3006=CARTESIAN_POINT('',(-0.2,0.665900639606837,0.096153846153846));
#3007=CARTESIAN_POINT('',(-0.2,0.255,0.961149307047642));
#3008=CARTESIAN_POINT('',(-1.6,0.255,0.961149307047642));
#3009=CARTESIAN_POINT('',(-1.6,0.255,0.961149307047642));
#3010=CARTESIAN_POINT('',(-1.6,2.40000000000001,1.45));
#3011=CARTESIAN_POINT('',(-1.6,0.665900639606837,0.096153846153846));
#3012=CARTESIAN_POINT('',(-1.6,0.665900639606837,0.096153846153846));
#3013=CARTESIAN_POINT('',(-1.6,0.862957385106059,5.65));
#3014=CARTESIAN_POINT('',(-1.6,0.86295738510606,0.25));
#3015=CARTESIAN_POINT('',(-1.6,0.45,1.00559027913422));
#3016=CARTESIAN_POINT('',(-1.6,0.86295738510606,0.25));
#3017=CARTESIAN_POINT('',(-0.2,0.86295738510606,0.25));
#3018=CARTESIAN_POINT('',(-2.,1.45,1.45));
#3019=CARTESIAN_POINT('',(-2.,1.45,1.45));
#3020=CARTESIAN_POINT('',(-2.,1.45,0.65));
#3021=CARTESIAN_POINT('',(-2.,1.45,1.45));
#3022=CARTESIAN_POINT('',(-2.,1.45,4.45));
#3023=CARTESIAN_POINT('',(-2.,1.45,4.45));
#3024=CARTESIAN_POINT('',(-2.,1.45,3.65));
#3025=CARTESIAN_POINT('',(-2.,1.45,4.45));
#3026=CARTESIAN_POINT('',(-4.5,2.5,1.45));
#3027=CARTESIAN_POINT('',(-4.5,2.5,1.45));
#3028=CARTESIAN_POINT('',(-4.5,2.5,0.9));
#3029=CARTESIAN_POINT('',(-4.5,1.65,1.45));
#3030=CARTESIAN_POINT('',(-4.5,1.65,1.45));
#3031=CARTESIAN_POINT('',(-4.5,1.65,0.9));
#3032=CARTESIAN_POINT('',(-4.5,1.65,0.9));
#3033=CARTESIAN_POINT('',(-4.5,2.5,4.45));
#3034=CARTESIAN_POINT('',(-4.5,2.5,4.45));
#3035=CARTESIAN_POINT('',(-4.5,2.5,3.9));
#3036=CARTESIAN_POINT('',(-4.5,1.65,4.45));
#3037=CARTESIAN_POINT('',(-4.5,1.65,4.45));
#3038=CARTESIAN_POINT('',(-4.5,1.65,3.9));
#3039=CARTESIAN_POINT('',(-4.5,1.65,3.9));
#3040=CARTESIAN_POINT('',(-2.6,1.39999999999998,1.85));
#3041=CARTESIAN_POINT('',(-2.6,1.39999999999998,1.05));
#3042=CARTESIAN_POINT('',(-2.82152380550898,0.169785708263466,1.05));
#3043=CARTESIAN_POINT('',(-2.6,0.15,1.05));
#3044=CARTESIAN_POINT('',(-2.6,0.15,1.85));
#3045=CARTESIAN_POINT('',(-2.6,0.15,1.85));
#3046=CARTESIAN_POINT('',(-2.6,1.39999999999998,1.85));
#3047=CARTESIAN_POINT('',(-2.82152380550898,0.169785708263466,1.85));
#3048=CARTESIAN_POINT('',(-2.82152380550898,0.169785708263466,1.85));
#3049=CARTESIAN_POINT('',(-2.6,0.15,1.85));
#3050=CARTESIAN_POINT('',(-2.6,0.15,1.05));
#3051=CARTESIAN_POINT('',(-1.4,0.15,1.05));
#3052=CARTESIAN_POINT('',(-1.4,0.15,1.85));
#3053=CARTESIAN_POINT('',(-1.4,0.15,1.85));
#3054=CARTESIAN_POINT('',(-2.6,0.15,1.85));
#3055=CARTESIAN_POINT('',(-1.4,-0.100000000000004,1.85));
#3056=CARTESIAN_POINT('',(-1.4,-0.100000000000004,1.05));
#3057=CARTESIAN_POINT('',(-1.29582085709783,0.127259116834001,1.05));
#3058=CARTESIAN_POINT('',(-1.29582085709783,0.127259116834001,1.85));
#3059=CARTESIAN_POINT('',(-1.29582085709783,0.127259116834001,1.85));
#3060=CARTESIAN_POINT('',(-1.4,-0.100000000000004,1.85));
#3061=CARTESIAN_POINT('',(-1.29582085709783,0.127259116834001,1.85));
#3062=CARTESIAN_POINT('',(-1.29582085709783,0.127259116834001,1.05));
#3063=CARTESIAN_POINT('',(-1.00835828580433,-0.00451823366800233,1.05));
#3064=CARTESIAN_POINT('',(-1.00835828580433,-0.00451823366800233,1.85));
#3065=CARTESIAN_POINT('',(-1.00835828580433,-0.00451823366800233,1.85));
#3066=CARTESIAN_POINT('',(-1.29582085709783,0.127259116834001,1.85));
#3067=CARTESIAN_POINT('',(-0.8,0.449999999999999,1.85));
#3068=CARTESIAN_POINT('',(-0.8,0.449999999999999,1.05));
#3069=CARTESIAN_POINT('',(-0.8,-0.0500000000000002,1.05));
#3070=CARTESIAN_POINT('',(-0.8,-0.0500000000000002,1.85));
#3071=CARTESIAN_POINT('',(-0.8,-0.0500000000000002,1.85));
#3072=CARTESIAN_POINT('',(-0.8,0.449999999999999,1.85));
#3073=CARTESIAN_POINT('',(-0.8,-0.0500000000000003,1.85));
#3074=CARTESIAN_POINT('',(-0.8,-0.0500000000000003,1.05));
#3075=CARTESIAN_POINT('',(-0.0999999999999999,-0.0500000000000003,1.05));
#3076=CARTESIAN_POINT('',(-0.0999999999999999,-0.0500000000000003,1.85));
#3077=CARTESIAN_POINT('',(-0.0999999999999999,-0.0500000000000003,1.85));
#3078=CARTESIAN_POINT('',(-0.8,-0.0500000000000003,1.85));
#3079=CARTESIAN_POINT('',(-0.1,-0.0500000000000003,1.85));
#3080=CARTESIAN_POINT('',(-0.1,-0.0500000000000003,1.05));
#3081=CARTESIAN_POINT('',(1.35525271560688E-17,0.0499999999999997,1.05));
#3082=CARTESIAN_POINT('',(1.35525271560688E-17,0.0499999999999997,1.85));
#3083=CARTESIAN_POINT('',(1.35525271560688E-17,0.0499999999999997,1.85));
#3084=CARTESIAN_POINT('',(-0.1,-0.0500000000000003,1.85));
#3085=CARTESIAN_POINT('',(0.,0.0499999999999997,1.85));
#3086=CARTESIAN_POINT('',(0.,0.0499999999999997,1.05));
#3087=CARTESIAN_POINT('',(0.,0.2,1.05));
#3088=CARTESIAN_POINT('',(0.,0.2,1.85));
#3089=CARTESIAN_POINT('',(0.,0.2,1.85));
#3090=CARTESIAN_POINT('',(0.,0.0499999999999997,1.85));
#3091=CARTESIAN_POINT('',(0.,0.2,1.85));
#3092=CARTESIAN_POINT('',(0.,0.2,1.05));
#3093=CARTESIAN_POINT('',(-0.8,0.2,1.05));
#3094=CARTESIAN_POINT('',(-0.8,0.2,1.85));
#3095=CARTESIAN_POINT('',(-0.8,0.2,1.85));
#3096=CARTESIAN_POINT('',(0.,0.2,1.85));
#3097=CARTESIAN_POINT('',(-0.8,0.450000000000001,1.85));
#3098=CARTESIAN_POINT('',(-0.8,0.450000000000001,1.05));
#3099=CARTESIAN_POINT('',(-0.904179142902166,0.222740883165999,1.05));
#3100=CARTESIAN_POINT('',(-0.904179142902166,0.222740883165999,1.85));
#3101=CARTESIAN_POINT('',(-0.904179142902166,0.222740883165999,1.85));
#3102=CARTESIAN_POINT('',(-0.8,0.450000000000001,1.85));
#3103=CARTESIAN_POINT('',(-7.05,0.45,1.85));
#3104=CARTESIAN_POINT('',(-4.61139047779641,0.492085716694613,1.85));
#3105=CARTESIAN_POINT('',(-0.904179142902166,0.222740883165999,1.85));
#3106=CARTESIAN_POINT('',(-7.05,0.45,1.05));
#3107=CARTESIAN_POINT('',(-4.61139047779641,0.492085716694613,1.05));
#3108=CARTESIAN_POINT('',(-0.904179142902166,0.222740883165999,1.05));
#3109=CARTESIAN_POINT('',(-0.904179142902166,0.222740883165999,1.85));
#3110=CARTESIAN_POINT('',(-4.61139047779641,0.492085716694613,1.85));
#3111=CARTESIAN_POINT('',(-6.69061817645901,0.102372750049203,1.85));
#3112=CARTESIAN_POINT('',(-6.69061817645901,0.102372750049203,1.05));
#3113=CARTESIAN_POINT('',(-6.69061817645901,0.102372750049203,1.05));
#3114=CARTESIAN_POINT('',(-6.69061817645901,0.102372750049203,1.85));
#3115=CARTESIAN_POINT('',(-6.69061817645901,0.102372750049203,1.85));
#3116=CARTESIAN_POINT('',(-6.69061817645901,0.102372750049203,1.85));
#3117=CARTESIAN_POINT('',(-7.05,0.450000000000004,1.85));
#3118=CARTESIAN_POINT('',(-7.05,0.450000000000004,1.05));
#3119=CARTESIAN_POINT('',(-7.05,0.2,1.05));
#3120=CARTESIAN_POINT('',(-7.05,0.2,1.85));
#3121=CARTESIAN_POINT('',(-7.05,0.2,1.85));
#3122=CARTESIAN_POINT('',(-7.05,0.450000000000004,1.85));
#3123=CARTESIAN_POINT('',(-7.05,0.45,1.85));
#3124=CARTESIAN_POINT('',(-7.05,0.2,1.85));
#3125=CARTESIAN_POINT('',(-7.85,0.2,1.85));
#3126=CARTESIAN_POINT('',(-7.85,0.2,1.85));
#3127=CARTESIAN_POINT('',(-7.85,0.0499999999999997,1.85));
#3128=CARTESIAN_POINT('',(-7.85,0.0499999999999997,1.85));
#3129=CARTESIAN_POINT('',(-7.75,-0.0500000000000003,1.85));
#3130=CARTESIAN_POINT('',(-7.75,-0.0500000000000003,1.85));
#3131=CARTESIAN_POINT('',(-7.05,-0.0500000000000003,1.85));
#3132=CARTESIAN_POINT('',(-7.05,0.45,1.85));
#3133=CARTESIAN_POINT('',(-7.05,0.45,1.05));
#3134=CARTESIAN_POINT('',(-7.05,0.45,1.05));
#3135=CARTESIAN_POINT('',(-7.05,-0.0500000000000003,1.05));
#3136=CARTESIAN_POINT('',(-7.75,-0.0500000000000003,1.05));
#3137=CARTESIAN_POINT('',(-7.75,-0.0500000000000003,1.05));
#3138=CARTESIAN_POINT('',(-7.85,0.0499999999999997,1.05));
#3139=CARTESIAN_POINT('',(-7.85,0.0499999999999997,1.05));
#3140=CARTESIAN_POINT('',(-7.85,0.2,1.05));
#3141=CARTESIAN_POINT('',(-7.85,0.2,1.05));
#3142=CARTESIAN_POINT('',(-7.05,0.2,1.05));
#3143=CARTESIAN_POINT('',(-7.05,0.2,1.85));
#3144=CARTESIAN_POINT('',(-7.85,0.2,1.85));
#3145=CARTESIAN_POINT('',(-7.85,0.2,1.85));
#3146=CARTESIAN_POINT('',(-7.85,0.0499999999999997,1.85));
#3147=CARTESIAN_POINT('',(-7.85,0.0499999999999997,1.85));
#3148=CARTESIAN_POINT('',(-7.75,-0.0500000000000003,1.85));
#3149=CARTESIAN_POINT('',(-7.75,-0.0500000000000003,1.85));
#3150=CARTESIAN_POINT('',(-7.05,-0.0500000000000003,1.85));
#3151=CARTESIAN_POINT('',(-7.05,0.45,1.85));
#3152=CARTESIAN_POINT('',(-2.6,1.39999999999998,4.85));
#3153=CARTESIAN_POINT('',(-2.6,1.39999999999998,4.05));
#3154=CARTESIAN_POINT('',(-2.82152380550898,0.169785708263466,4.05));
#3155=CARTESIAN_POINT('',(-2.6,0.15,4.05));
#3156=CARTESIAN_POINT('',(-2.6,0.15,4.85));
#3157=CARTESIAN_POINT('',(-2.6,0.15,4.85));
#3158=CARTESIAN_POINT('',(-2.6,1.39999999999998,4.85));
#3159=CARTESIAN_POINT('',(-2.82152380550898,0.169785708263466,4.85));
#3160=CARTESIAN_POINT('',(-2.82152380550898,0.169785708263466,4.85));
#3161=CARTESIAN_POINT('',(-2.6,0.15,4.85));
#3162=CARTESIAN_POINT('',(-2.6,0.15,4.05));
#3163=CARTESIAN_POINT('',(-1.4,0.15,4.05));
#3164=CARTESIAN_POINT('',(-1.4,0.15,4.85));
#3165=CARTESIAN_POINT('',(-1.4,0.15,4.85));
#3166=CARTESIAN_POINT('',(-2.6,0.15,4.85));
#3167=CARTESIAN_POINT('',(-1.4,-0.100000000000004,4.85));
#3168=CARTESIAN_POINT('',(-1.4,-0.100000000000004,4.05));
#3169=CARTESIAN_POINT('',(-1.29582085709783,0.127259116834001,4.05));
#3170=CARTESIAN_POINT('',(-1.29582085709783,0.127259116834001,4.85));
#3171=CARTESIAN_POINT('',(-1.29582085709783,0.127259116834001,4.85));
#3172=CARTESIAN_POINT('',(-1.4,-0.100000000000004,4.85));
#3173=CARTESIAN_POINT('',(-1.29582085709783,0.127259116834001,4.85));
#3174=CARTESIAN_POINT('',(-1.29582085709783,0.127259116834001,4.05));
#3175=CARTESIAN_POINT('',(-1.00835828580433,-0.00451823366800233,4.05));
#3176=CARTESIAN_POINT('',(-1.00835828580433,-0.00451823366800233,4.85));
#3177=CARTESIAN_POINT('',(-1.00835828580433,-0.00451823366800233,4.85));
#3178=CARTESIAN_POINT('',(-1.29582085709783,0.127259116834001,4.85));
#3179=CARTESIAN_POINT('',(-0.8,0.449999999999999,4.85));
#3180=CARTESIAN_POINT('',(-0.8,0.449999999999999,4.05));
#3181=CARTESIAN_POINT('',(-0.8,-0.0500000000000002,4.05));
#3182=CARTESIAN_POINT('',(-0.8,-0.0500000000000002,4.85));
#3183=CARTESIAN_POINT('',(-0.8,-0.0500000000000002,4.85));
#3184=CARTESIAN_POINT('',(-0.8,0.449999999999999,4.85));
#3185=CARTESIAN_POINT('',(-0.8,-0.0500000000000003,4.85));
#3186=CARTESIAN_POINT('',(-0.8,-0.0500000000000003,4.05));
#3187=CARTESIAN_POINT('',(-0.0999999999999999,-0.0500000000000003,4.05));
#3188=CARTESIAN_POINT('',(-0.0999999999999999,-0.0500000000000003,4.85));
#3189=CARTESIAN_POINT('',(-0.0999999999999999,-0.0500000000000003,4.85));
#3190=CARTESIAN_POINT('',(-0.8,-0.0500000000000003,4.85));
#3191=CARTESIAN_POINT('',(-0.1,-0.0500000000000003,4.85));
#3192=CARTESIAN_POINT('',(-0.1,-0.0500000000000003,4.05));
#3193=CARTESIAN_POINT('',(1.35525271560688E-17,0.0499999999999997,4.05));
#3194=CARTESIAN_POINT('',(1.35525271560688E-17,0.0499999999999997,4.85));
#3195=CARTESIAN_POINT('',(1.35525271560688E-17,0.0499999999999997,4.85));
#3196=CARTESIAN_POINT('',(-0.1,-0.0500000000000003,4.85));
#3197=CARTESIAN_POINT('',(0.,0.0499999999999997,4.85));
#3198=CARTESIAN_POINT('',(0.,0.0499999999999997,4.05));
#3199=CARTESIAN_POINT('',(0.,0.2,4.05));
#3200=CARTESIAN_POINT('',(0.,0.2,4.85));
#3201=CARTESIAN_POINT('',(0.,0.2,4.85));
#3202=CARTESIAN_POINT('',(0.,0.0499999999999997,4.85));
#3203=CARTESIAN_POINT('',(0.,0.2,4.85));
#3204=CARTESIAN_POINT('',(0.,0.2,4.05));
#3205=CARTESIAN_POINT('',(-0.8,0.2,4.05));
#3206=CARTESIAN_POINT('',(-0.8,0.2,4.85));
#3207=CARTESIAN_POINT('',(-0.8,0.2,4.85));
#3208=CARTESIAN_POINT('',(0.,0.2,4.85));
#3209=CARTESIAN_POINT('',(-0.8,0.450000000000001,4.85));
#3210=CARTESIAN_POINT('',(-0.8,0.450000000000001,4.05));
#3211=CARTESIAN_POINT('',(-0.904179142902166,0.222740883165999,4.05));
#3212=CARTESIAN_POINT('',(-0.904179142902166,0.222740883165999,4.85));
#3213=CARTESIAN_POINT('',(-0.904179142902166,0.222740883165999,4.85));
#3214=CARTESIAN_POINT('',(-0.8,0.450000000000001,4.85));
#3215=CARTESIAN_POINT('',(-7.05,0.45,4.85));
#3216=CARTESIAN_POINT('',(-4.61139047779641,0.492085716694613,4.85));
#3217=CARTESIAN_POINT('',(-0.904179142902166,0.222740883165999,4.85));
#3218=CARTESIAN_POINT('',(-7.05,0.45,4.05));
#3219=CARTESIAN_POINT('',(-4.61139047779641,0.492085716694613,4.05));
#3220=CARTESIAN_POINT('',(-0.904179142902166,0.222740883165999,4.05));
#3221=CARTESIAN_POINT('',(-0.904179142902166,0.222740883165999,4.85));
#3222=CARTESIAN_POINT('',(-4.61139047779641,0.492085716694613,4.85));
#3223=CARTESIAN_POINT('',(-6.69061817645901,0.102372750049203,4.85));
#3224=CARTESIAN_POINT('',(-6.69061817645901,0.102372750049203,4.05));
#3225=CARTESIAN_POINT('',(-6.69061817645901,0.102372750049203,4.05));
#3226=CARTESIAN_POINT('',(-6.69061817645901,0.102372750049203,4.85));
#3227=CARTESIAN_POINT('',(-6.69061817645901,0.102372750049203,4.85));
#3228=CARTESIAN_POINT('',(-6.69061817645901,0.102372750049203,4.85));
#3229=CARTESIAN_POINT('',(-7.05,0.450000000000004,4.85));
#3230=CARTESIAN_POINT('',(-7.05,0.450000000000004,4.05));
#3231=CARTESIAN_POINT('',(-7.05,0.2,4.05));
#3232=CARTESIAN_POINT('',(-7.05,0.2,4.85));
#3233=CARTESIAN_POINT('',(-7.05,0.2,4.85));
#3234=CARTESIAN_POINT('',(-7.05,0.450000000000004,4.85));
#3235=CARTESIAN_POINT('',(-7.05,0.45,4.85));
#3236=CARTESIAN_POINT('',(-7.05,0.2,4.85));
#3237=CARTESIAN_POINT('',(-7.85,0.2,4.85));
#3238=CARTESIAN_POINT('',(-7.85,0.2,4.85));
#3239=CARTESIAN_POINT('',(-7.85,0.0499999999999997,4.85));
#3240=CARTESIAN_POINT('',(-7.85,0.0499999999999997,4.85));
#3241=CARTESIAN_POINT('',(-7.75,-0.0500000000000003,4.85));
#3242=CARTESIAN_POINT('',(-7.75,-0.0500000000000003,4.85));
#3243=CARTESIAN_POINT('',(-7.05,-0.0500000000000003,4.85));
#3244=CARTESIAN_POINT('',(-7.05,0.45,4.85));
#3245=CARTESIAN_POINT('',(-7.05,0.45,4.05));
#3246=CARTESIAN_POINT('',(-7.05,0.45,4.05));
#3247=CARTESIAN_POINT('',(-7.05,-0.0500000000000003,4.05));
#3248=CARTESIAN_POINT('',(-7.75,-0.0500000000000003,4.05));
#3249=CARTESIAN_POINT('',(-7.75,-0.0500000000000003,4.05));
#3250=CARTESIAN_POINT('',(-7.85,0.0499999999999997,4.05));
#3251=CARTESIAN_POINT('',(-7.85,0.0499999999999997,4.05));
#3252=CARTESIAN_POINT('',(-7.85,0.2,4.05));
#3253=CARTESIAN_POINT('',(-7.85,0.2,4.05));
#3254=CARTESIAN_POINT('',(-7.05,0.2,4.05));
#3255=CARTESIAN_POINT('',(-7.05,0.2,4.85));
#3256=CARTESIAN_POINT('',(-7.85,0.2,4.85));
#3257=CARTESIAN_POINT('',(-7.85,0.2,4.85));
#3258=CARTESIAN_POINT('',(-7.85,0.0499999999999997,4.85));
#3259=CARTESIAN_POINT('',(-7.85,0.0499999999999997,4.85));
#3260=CARTESIAN_POINT('',(-7.75,-0.0500000000000003,4.85));
#3261=CARTESIAN_POINT('',(-7.75,-0.0500000000000003,4.85));
#3262=CARTESIAN_POINT('',(-7.05,-0.0500000000000003,4.85));
#3263=CARTESIAN_POINT('',(-7.05,0.45,4.85));
#3264=CARTESIAN_POINT('',(-1.6,0.45,4.89440972086578));
#3265=CARTESIAN_POINT('',(-0.2,0.45,4.89440972086578));
#3266=CARTESIAN_POINT('',(-0.2,0.45,4.89440972086578));
#3267=CARTESIAN_POINT('',(-0.2,0.45,4.89440972086578));
#3268=CARTESIAN_POINT('',(-0.2,2.40000000000003,4.44999999999999));
#3269=CARTESIAN_POINT('',(-0.2,0.823546036006217,5.68076923076923));
#3270=CARTESIAN_POINT('',(-0.2,0.862957385106059,5.65));
#3271=CARTESIAN_POINT('',(-0.2,0.86295738510606,5.7));
#3272=CARTESIAN_POINT('',(-0.2,1.65,5.7));
#3273=CARTESIAN_POINT('',(-0.2,1.02416697508023,5.7));
#3274=CARTESIAN_POINT('',(-0.500000000000004,1.02416697508023,5.7));
#3275=CARTESIAN_POINT('',(-0.240192378864668,1.17416697508023,5.7));
#3276=CARTESIAN_POINT('',(-1.98618602791856,4.19831668493415,5.7));
#3277=CARTESIAN_POINT('',(-0.890192378864669,2.3,5.7));
#3278=CARTESIAN_POINT('',(-1.15,2.15,5.7));
#3279=CARTESIAN_POINT('',(-1.15,2.45,5.7));
#3280=CARTESIAN_POINT('',(-6.4,2.45,5.7));
#3281=CARTESIAN_POINT('',(-6.4,2.45,5.7));
#3282=CARTESIAN_POINT('',(-6.4,1.65,5.7));
#3283=CARTESIAN_POINT('',(-7.2,1.65,5.7));
#3284=CARTESIAN_POINT('',(-7.2,1.65,5.7));
#3285=CARTESIAN_POINT('',(-7.2,1.65,0.2));
#3286=CARTESIAN_POINT('',(-7.2,1.65,0.2));
#3287=CARTESIAN_POINT('',(-6.4,1.65,0.2));
#3288=CARTESIAN_POINT('',(-6.4,2.45,0.2));
#3289=CARTESIAN_POINT('',(-1.15,2.45,0.2));
#3290=CARTESIAN_POINT('',(-1.15,2.45,0.2));
#3291=CARTESIAN_POINT('',(-1.15,2.15,0.2));
#3292=CARTESIAN_POINT('',(-0.890192378864669,2.3,0.2));
#3293=CARTESIAN_POINT('',(-0.240192378864668,1.17416697508023,0.2));
#3294=CARTESIAN_POINT('',(-0.240192378864669,1.17416697508023,0.2));
#3295=CARTESIAN_POINT('',(-0.500000000000004,1.02416697508023,0.2));
#3296=CARTESIAN_POINT('',(-0.2,1.02416697508023,0.2));
#3297=CARTESIAN_POINT('',(-0.2,0.45,0.2));
#3298=CARTESIAN_POINT('',(-0.2,0.86295738510606,0.2));
#3299=CARTESIAN_POINT('',(-0.2,0.86295738510606,0.25));
#3300=CARTESIAN_POINT('',(-0.2,0.823546036006215,0.219230769230769));
#3301=CARTESIAN_POINT('',(-0.2,2.40000000000001,1.45));
#3302=CARTESIAN_POINT('',(-0.2,0.45,1.00559027913422));
#3303=CARTESIAN_POINT('',(-0.2,0.45,1.00559027913422));
#3304=CARTESIAN_POINT('',(-0.2,0.45,1.00559027913422));
#3305=CARTESIAN_POINT('',(-1.6,0.45,1.00559027913422));
#3306=(
GEOMETRIC_REPRESENTATION_CONTEXT(3)
GLOBAL_UNCERTAINTY_ASSIGNED_CONTEXT((#3307))
GLOBAL_UNIT_ASSIGNED_CONTEXT((#3310,#3309,#3308))
REPRESENTATION_CONTEXT('2059-302/998-403','TOP_LEVEL_ASSEMBLY_PART')
);
#3307=UNCERTAINTY_MEASURE_WITH_UNIT(LENGTH_MEASURE(1.E-5),#3310,
'DISTANCE_ACCURACY_VALUE','Maximum Tolerance applied to model');
#3308=(
NAMED_UNIT(*)
SI_UNIT($,.STERADIAN.)
SOLID_ANGLE_UNIT()
);
#3309=(
NAMED_UNIT(*)
PLANE_ANGLE_UNIT()
SI_UNIT($,.RADIAN.)
);
#3310=(
LENGTH_UNIT()
NAMED_UNIT(*)
SI_UNIT(.MILLI.,.METRE.)
);
#3311=PRODUCT_DEFINITION_SHAPE('','',#3312);
#3312=PRODUCT_DEFINITION('','',#3314,#3313);
#3313=DESIGN_CONTEXT('',#3320,'design');
#3314=PRODUCT_DEFINITION_FORMATION_WITH_SPECIFIED_SOURCE('','',#3316,
 .NOT_KNOWN.);
#3315=PRODUCT_RELATED_PRODUCT_CATEGORY('','',(#3316));
#3316=PRODUCT('2059-302/998-403','2059-302/998-403','2059-302/998-403',
(#3318));
#3317=PRODUCT_CATEGORY('','');
#3318=MECHANICAL_CONTEXT('',#3320,'mechanical');
#3319=APPLICATION_PROTOCOL_DEFINITION('international standard',
'config_control_design',2010,#3320);
#3320=APPLICATION_CONTEXT(
'configuration controlled 3D designs of mechanical parts and assemblie
s');
ENDSEC;
END-ISO-10303-21;
